{
  "T_PM": {
    "raw": {
      "count": "5000",
      "mean": 314.02502299435383,
      "std": 4.861815553327458,
      "min": 299.5460969671286,
      "max": 319.0041979568881,
      "q25": 310.968476734311,
      "q75": 318.0245266563645
    },
    "cleaned_original": {
      "count": "5000",
      "mean": 314.02502299435383,
      "std": 4.861815553327458,
      "min": 299.5460969671286,
      "max": 319.0041979568881,
      "q25": 310.968476734311,
      "q75": 318.0245266563645
    },
    "cleaned_iqr": {
      "count": "5000",
      "mean": 314.05800082017345,
      "std": 4.789853157559684,
      "min": 299.7502229598052,
      "max": 319.0041979568881,
      "q25": 310.968476734311,
      "q75": 318.0245266563645
    }
  },
  "c": {
    "raw": {
      "count": "5000",
      "mean": 0.1806573255792514,
      "std": 0.005927163698765994,
      "min": 0.161811556573174,
      "max": 0.1890724957187127,
      "q25": 0.17613209676151886,
      "q75": 0.18516578026269934
    },
    "cleaned_original": {
      "count": "5000",
      "mean": 0.1806573255792514,
      "std": 0.005927163698765994,
      "min": 0.161811556573174,
      "max": 0.1890724957187127,
      "q25": 0.17613209676151886,
      "q75": 0.18516578026269934
    },
    "cleaned_iqr": {
      "count": "5000",
      "mean": 0.1808192304291608,
      "std": 0.0056523016358388896,
      "min": 0.161811556573174,
      "max": 0.1890724957187127,
      "q25": 0.17619968286216162,
      "q75": 0.18516578026269934
    }
  },
  "d10": {
    "raw": {
      "count": "5000",
      "mean": 0.0003780920315658809,
      "std": 0.001629470750492492,
      "min": 0.0001,
      "max": 0.0500884684343746,
      "q25": 0.000267972389293375,
      "q75": 0.000327822849454025
    },
    "cleaned_original": {
      "count": "5000",
      "mean": 0.0003780920315658809,
      "std": 0.001629470750492492,
      "min": 0.0001,
      "max": 0.0500884684343746,
      "q25": 0.000267972389293375,
      "q75": 0.000327822849454025
    },
    "cleaned_iqr": {
      "count": "5000",
      "mean": 0.00030023636901148115,
      "std": 4.4077586000199095e-05,
      "min": 0.00013490676666580008,
      "max": 0.0004660935159469999,
      "q25": 0.000267972389293375,
      "q75": 0.000327822849454025
    }
  },
  "d50": {
    "raw": {
      "count": "5000",
      "mean": 0.0003940629375861373,
      "std": 0.0008967758257339542,
      "min": 0.0001,
      "max": 0.028233707608478,
      "q25": 0.000319951145279,
      "q75": 0.00037743584095122496
    },
    "cleaned_original": {
      "count": "5000",
      "mean": 0.0003940629375861373,
      "std": 0.0008967758257339542,
      "min": 0.0001,
      "max": 0.028233707608478,
      "q25": 0.000319951145279,
      "q75": 0.00037743584095122496
    },
    "cleaned_iqr": {
      "count": "5000",
      "mean": 0.0003505102010547844,
      "std": 4.219058932865743e-05,
      "min": 0.00019049817208122497,
      "max": 0.0005165936151978251,
      "q25": 0.000319951145279,
      "q75": 0.00037743584095122496
    }
  },
  "d90": {
    "raw": {
      "count": "5000",
      "mean": 0.00046840155933633866,
      "std": 0.001209131175002346,
      "min": 0.0001,
      "max": 0.0483449889288432,
      "q25": 0.00037891028105105,
      "q75": 0.00045350767517035
    },
    "cleaned_original": {
      "count": "5000",
      "mean": 0.00046840155933633866,
      "std": 0.001209131175002346,
      "min": 0.0001,
      "max": 0.0483449889288432,
      "q25": 0.00037891028105105,
      "q75": 0.00045350767517035
    },
    "cleaned_iqr": {
      "count": "5000",
      "mean": 0.00041974338730873433,
      "std": 5.7936494869119745e-05,
      "min": 0.0002449608626674626,
      "max": 0.0006051551935281625,
      "q25": 0.00037891028105105,
      "q75": 0.00045350767517035
    }
  },
  "T_TM": {
    "raw": {
      "count": "5000",
      "mean": 313.71557024207834,
      "std": 4.970000142207527,
      "min": 298.6109496482943,
      "max": 318.6476108188364,
      "q25": 310.3764827499976,
      "q75": 317.8177966387054
    },
    "cleaned_original": {
      "count": "5000",
      "mean": 313.71557024207834,
      "std": 4.970000142207527,
      "min": 298.6109496482943,
      "max": 318.6476108188364,
      "q25": 310.3764827499976,
      "q75": 317.8177966387054
    },
    "cleaned_iqr": {
      "count": "5000",
      "mean": 313.7470124028151,
      "std": 4.8993205082751485,
      "min": 298.89701287961293,
      "max": 318.6476108188364,
      "q25": 310.3764827499976,
      "q75": 317.8177966387054
    }
  },
  "mf_PM": {
    "raw": {
      "count": "5000",
      "mean": 0.0005234702595403119,
      "std": 0.00019939559983222203,
      "min": 0.0001668586342626,
      "max": 0.0008329012379452,
      "q25": 0.0003289449014035,
      "q75": 0.0006816236466952
    },
    "cleaned_original": {
      "count": "5000",
      "mean": 0.0005234702595403119,
      "std": 0.00019939559983222203,
      "min": 0.0001668586342626,
      "max": 0.0008329012379452,
      "q25": 0.0003289449014035,
      "q75": 0.0006816236466952
    },
    "cleaned_iqr": {
      "count": "5000",
      "mean": 0.0005237101257595277,
      "std": 0.00019897882663992997,
      "min": 0.000172656396822,
      "max": 0.0008329012379452,
      "q25": 0.0003289449014035,
      "q75": 0.0006816236466952
    }
  },
  "mf_TM": {
    "raw": {
      "count": "5000",
      "mean": 0.009037641862962378,
      "std": 0.005033446818935698,
      "min": 0.0009771683396456,
      "max": 0.0165213308508535,
      "q25": 0.0039095582477001,
      "q75": 0.0133304542504132
    },
    "cleaned_original": {
      "count": "5000",
      "mean": 0.009037641862962378,
      "std": 0.005033446818935698,
      "min": 0.0009771683396456,
      "max": 0.0165213308508535,
      "q25": 0.0039095582477001,
      "q75": 0.0133304542504132
    },
    "cleaned_iqr": {
      "count": "5000",
      "mean": 0.009037641862962378,
      "std": 0.005033446818935698,
      "min": 0.0009771683396456,
      "max": 0.0165213308508535,
      "q25": 0.0039095582477001,
      "q75": 0.0133304542504132
    }
  },
  "Q_g": {
    "raw": {
      "count": "5000",
      "mean": 5.132081846028264e-07,
      "std": 1.8708341456962998e-07,
      "min": 1.811824213023078e-07,
      "max": 8.255936528935683e-07,
      "q25": 3.675175567814864e-07,
      "q75": 6.772917938213697e-07
    },
    "cleaned_original": {
      "count": "5000",
      "mean": 5.132081846028264e-07,
      "std": 1.8708341456962998e-07,
      "min": 1.811824213023078e-07,
      "max": 8.255936528935683e-07,
      "q25": 3.675175567814864e-07,
      "q75": 6.772917938213697e-07
    },
    "cleaned_iqr": {
      "count": "5000",
      "mean": 5.132081846028264e-07,
      "std": 1.8708341456962998e-07,
      "min": 1.811824213023078e-07,
      "max": 8.255936528935683e-07,
      "q25": 3.675175567814864e-07,
      "q75": 6.772917938213697e-07
    }
  },
  "w_crystal": {
    "raw": {
      "count": "5000",
      "mean": 0.0056956390503405604,
      "std": 0.0027030781680722643,
      "min": 0.0010480154159692,
      "max": 0.009973404484094,
      "q25": 0.0034283711962245,
      "q75": 0.0084588702759179
    },
    "cleaned_original": {
      "count": "5000",
      "mean": 0.0056956390503405604,
      "std": 0.0027030781680722643,
      "min": 0.0010480154159692,
      "max": 0.009973404484094,
      "q25": 0.0034283711962245,
      "q75": 0.0084588702759179
    },
    "cleaned_iqr": {
      "count": "5000",
      "mean": 0.005709062920088776,
      "std": 0.002687627205072208,
      "min": 0.0010480154159692,
      "max": 0.009973404484094,
      "q25": 0.0034283711962245,
      "q75": 0.0084588702759179
    }
  }
}