{
  "cluster_id": 0,
  "training_summary": {
    "total_training_samples": 30688,
    "total_validation_samples": 7672,
    "input_dimension": 410,
    "output_dimension": 6,
    "batch_size": 32,
    "max_epochs": 300,
    "actual_epochs_trained": 111,
    "epochs_saved": 189,
    "early_stopping_patience": 8,
    "min_improvement_threshold": 1e-06
  },
  "performance_metrics": {
    "best_validation_loss": 7.839738845825195,
    "best_epoch": "103",
    "final_training_loss": 8.274579048156738,
    "final_validation_loss": 7.843464374542236,
    "loss_improvement": 66.96292686462402,
    "convergence_rate": 854.1474171717214
  },
  "training_history": {
    "train_loss": [
      685.668212890625,
      183.9049835205078,
      71.96183013916016,
      47.72879409790039,
      36.31217575073242,
      29.216304779052734,
      25.4328556060791,
      23.200817108154297,
      21.42624282836914,
      19.77350425720215,
      18.896564483642578,
      17.850513458251953,
      17.02680778503418,
      16.221906661987305,
      15.691895484924316,
      15.074080467224121,
      14.539878845214844,
      13.950955390930176,
      13.422801971435547,
      13.066946029663086,
      12.765878677368164,
      12.404468536376953,
      12.093049049377441,
      11.797377586364746,
      11.504968643188477,
      11.293608665466309,
      11.08076286315918,
      10.857467651367188,
      10.671577453613281,
      10.53625202178955,
      10.365899085998535,
      10.232328414916992,
      10.180375099182129,
      10.013873100280762,
      9.88648796081543,
      9.772053718566895,
      9.656895637512207,
      9.552619934082031,
      9.469285011291504,
      9.357681274414062,
      9.301468849182129,
      9.232906341552734,
      9.218827247619629,
      9.125311851501465,
      9.07300090789795,
      9.001297950744629,
      8.94864273071289,
      8.877659797668457,
      8.877744674682617,
      8.797341346740723,
      8.614794731140137,
      8.547045707702637,
      8.545866966247559,
      8.497371673583984,
      8.49923324584961,
      8.478543281555176,
      8.43388843536377,
      8.418256759643555,
      8.413362503051758,
      8.41606616973877,
      8.403056144714355,
      8.389361381530762,
      8.391531944274902,
      8.4159574508667,
      8.389446258544922,
      8.3660888671875,
      8.393842697143555,
      8.3646240234375,
      8.376432418823242,
      8.39177131652832,
      8.366043090820312,
      8.358242988586426,
      8.349506378173828,
      8.387628555297852,
      8.374332427978516,
      8.365951538085938,
      8.349713325500488,
      8.350117683410645,
      8.351070404052734,
      8.326770782470703,
      8.335203170776367,
      8.340059280395508,
      8.334152221679688,
      8.340840339660645,
      8.330299377441406,
      8.320581436157227,
      8.334864616394043,
      8.334689140319824,
      8.317737579345703,
      8.318252563476562,
      8.313798904418945,
      8.336191177368164,
      8.317441940307617,
      8.302544593811035,
      8.303757667541504,
      8.320968627929688,
      8.31971549987793,
      8.298365592956543,
      8.31525993347168,
      8.307851791381836,
      8.302362442016602,
      8.299529075622559,
      8.278766632080078,
      8.298263549804688,
      8.304587364196777,
      8.30408763885498,
      8.308048248291016,
      8.328195571899414,
      8.280383110046387,
      8.305564880371094,
      8.274579048156738
    ],
    "val_loss": [
      74.80266571044922,
      18.574996948242188,
      19.92916488647461,
      13.864541053771973,
      13.586505889892578,
      13.08810043334961,
      14.303200721740723,
      10.576334953308105,
      10.750835418701172,
      10.797338485717773,
      10.198326110839844,
      10.261077880859375,
      10.72999382019043,
      9.938058853149414,
      9.549561500549316,
      9.36139965057373,
      9.348440170288086,
      9.25455379486084,
      9.639781951904297,
      9.503851890563965,
      9.252367973327637,
      9.063216209411621,
      9.071118354797363,
      9.200937271118164,
      9.008390426635742,
      8.934967041015625,
      8.889244079589844,
      8.841136932373047,
      8.840655326843262,
      8.793746948242188,
      8.71259880065918,
      8.789419174194336,
      8.764046669006348,
      8.549365997314453,
      8.537087440490723,
      8.373974800109863,
      8.437253952026367,
      8.3691987991333,
      8.446660041809082,
      8.272011756896973,
      8.352546691894531,
      8.25374984741211,
      8.28921890258789,
      8.19267463684082,
      8.261140823364258,
      8.22385311126709,
      8.143586158752441,
      8.162506103515625,
      8.206960678100586,
      8.155850410461426,
      7.937166213989258,
      7.964881896972656,
      7.932382106781006,
      7.94407844543457,
      7.93752384185791,
      7.935135364532471,
      7.886010646820068,
      7.882331371307373,
      7.875845432281494,
      7.872077941894531,
      7.8727850914001465,
      7.871079444885254,
      7.8730010986328125,
      7.869750022888184,
      7.865874767303467,
      7.865525722503662,
      7.868105888366699,
      7.861366271972656,
      7.859016418457031,
      7.864096641540527,
      7.855703830718994,
      7.8622565269470215,
      7.85621976852417,
      7.8548688888549805,
      7.854462146759033,
      7.849436283111572,
      7.853734493255615,
      7.857608795166016,
      7.8551554679870605,
      7.847665309906006,
      7.846636772155762,
      7.8457159996032715,
      7.845113754272461,
      7.848204135894775,
      7.846823692321777,
      7.848640441894531,
      7.848783016204834,
      7.845195293426514,
      7.8476080894470215,
      7.846866607666016,
      7.842780113220215,
      7.843937873840332,
      7.845174789428711,
      7.84393835067749,
      7.846566677093506,
      7.84728479385376,
      7.846453666687012,
      7.846648216247559,
      7.840887546539307,
      7.845340728759766,
      7.842023849487305,
      7.841333389282227,
      7.839738845825195,
      7.842177391052246,
      7.844778537750244,
      7.842080116271973,
      7.8411664962768555,
      7.8443217277526855,
      7.842928409576416,
      7.84292459487915,
      7.843464374542236
    ],
    "epochs": [
      1,
      2,
      3,
      4,
      5,
      6,
      7,
      8,
      9,
      10,
      11,
      12,
      13,
      14,
      15,
      16,
      17,
      18,
      19,
      20,
      21,
      22,
      23,
      24,
      25,
      26,
      27,
      28,
      29,
      30,
      31,
      32,
      33,
      34,
      35,
      36,
      37,
      38,
      39,
      40,
      41,
      42,
      43,
      44,
      45,
      46,
      47,
      48,
      49,
      50,
      51,
      52,
      53,
      54,
      55,
      56,
      57,
      58,
      59,
      60,
      61,
      62,
      63,
      64,
      65,
      66,
      67,
      68,
      69,
      70,
      71,
      72,
      73,
      74,
      75,
      76,
      77,
      78,
      79,
      80,
      81,
      82,
      83,
      84,
      85,
      86,
      87,
      88,
      89,
      90,
      91,
      92,
      93,
      94,
      95,
      96,
      97,
      98,
      99,
      100,
      101,
      102,
      103,
      104,
      105,
      106,
      107,
      108,
      109,
      110,
      111
    ]
  },
  "model_architecture": {
    "input_shape": 410,
    "output_shape": 6,
    "layers": [
      {
        "type": "Dense",
        "units": 1024,
        "activation": "selu",
        "dropout": 0.4
      },
      {
        "type": "Dense",
        "units": 512,
        "activation": "selu",
        "dropout": 0.4
      },
      {
        "type": "Dense",
        "units": 256,
        "activation": "selu",
        "dropout": 0.3
      },
      {
        "type": "Dense",
        "units": 128,
        "activation": "selu",