{
  "cluster_id": 1,
  "training_summary": {
    "total_training_samples": 25317,
    "total_validation_samples": 6330,
    "input_dimension": 410,
    "output_dimension": 6,
    "batch_size": 32,
    "max_epochs": 300,
    "actual_epochs_trained": 64,
    "epochs_saved": 236,
    "early_stopping_patience": 8,
    "min_improvement_threshold": 1e-06
  },
  "performance_metrics": {
    "best_validation_loss": 14.225626945495605,
    "best_epoch": "56",
    "final_training_loss": 14.87537670135498,
    "final_validation_loss": 14.233677864074707,
    "loss_improvement": 86.2940034866333,
    "convergence_rate": 606.6094929753334
  },
  "training_history": {
    "train_loss": [
      769.2404174804688,
      218.05194091796875,
      83.74124908447266,
      57.559566497802734,
      44.73345947265625,
      37.46392822265625,
      32.644432067871094,
      30.098642349243164,
      27.776390075683594,
      26.763717651367188,
      25.349885940551758,
      24.413022994995117,
      23.208620071411133,
      22.630226135253906,
      21.939495086669922,
      21.18281364440918,
      20.73148536682129,
      20.238710403442383,
      19.719980239868164,
      19.09358024597168,
      18.721708297729492,
      18.3072452545166,
      18.057228088378906,
      17.58660316467285,
      17.412145614624023,
      16.965085983276367,
      16.864482879638672,
      16.629863739013672,
      15.735294342041016,
      15.669215202331543,
      15.566600799560547,
      15.400508880615234,
      15.350292205810547,
      15.257237434387207,
      15.253189086914062,
      15.16281795501709,
      15.14171028137207,
      15.083112716674805,
      15.111739158630371,
      15.049216270446777,
      15.06315803527832,
      15.098129272460938,
      15.027043342590332,
      15.057365417480469,
      14.968551635742188,
      15.002976417541504,
      15.002508163452148,
      14.96415901184082,
      15.03756332397461,
      14.98793888092041,
      14.969588279724121,
      14.95874309539795,
      14.939253807067871,
      14.999638557434082,
      14.95271110534668,
      14.987508773803711,
      14.973002433776855,
      14.976819038391113,
      14.984549522399902,
      14.954245567321777,
      14.8808012008667,
      14.976356506347656,
      14.87484359741211,
      14.87537670135498
    ],
    "val_loss": [
      100.5196304321289,
      27.43247413635254,
      23.307296752929688,
      20.656282424926758,
      19.778989791870117,
      19.316335678100586,
      17.89676856994629,
      18.72987937927246,
      16.692184448242188,
      16.507429122924805,
      16.32879638671875,
      16.284204483032227,
      15.926658630371094,
      15.831997871398926,
      16.247920989990234,
      15.566444396972656,
      15.452268600463867,
      15.724970817565918,
      15.444961547851562,
      15.14831256866455,
      16.624853134155273,
      15.929908752441406,
      14.89209270477295,
      15.015643119812012,
      14.791411399841309,
      15.09959888458252,
      15.005914688110352,
      15.12088394165039,
      14.39144229888916,
      14.459871292114258,
      14.38436508178711,
      14.421188354492188,
      14.441242218017578,
      14.494709968566895,
      14.28848648071289,
      14.257200241088867,
      14.261300086975098,
      14.25039005279541,
      14.24337387084961,
      14.238192558288574,
      14.253989219665527,
      14.251043319702148,
      14.265409469604492,
      14.252835273742676,
      14.247437477111816,
      14.248598098754883,
      14.236984252929688,
      14.23459243774414,
      14.241742134094238,
      14.233572959899902,
      14.236461639404297,
      14.237399101257324,
      14.239838600158691,
      14.231969833374023,
      14.237191200256348,
      14.225626945495605,
      14.232657432556152,
      14.241020202636719,
      14.238177299499512,
      14.239266395568848,
      14.232759475708008,
      14.240628242492676,
      14.236270904541016,
      14.233677864074707
    ],
    "epochs": [
      1,
      2,
      3,
      4,
      5,
      6,
      7,
      8,
      9,
      10,
      11,
      12,
      13,
      14,
      15,
      16,
      17,
      18,
      19,
      20,
      21,
      22,
      23,
      24,
      25,
      26,
      27,
      28,
      29,
      30,
      31,
      32,
      33,
      34,
      35,
      36,
      37,
      38,
      39,
      40,
      41,
      42,
      43,
      44,
      45,
      46,
      47,
      48,
      49,
      50,
      51,
      52,
      53,
      54,
      55,
      56,
      57,
      58,
      59,
      60,
      61,
      62,
      63,
      64
    ]
  },
  "model_architecture": {
    "input_shape": 410,
    "output_shape": 6,
    "layers": [
      {
        "type": "Dense",
        "units": 1024,
        "activation": "selu",
        "dropout": 0.4
      },
      {
        "type": "Dense",
        "units": 512,
        "activation": "selu",
        "dropout": 0.4
      },
      {
        "type": "Dense",
        "units": 256,
        "activation": "selu",
        "dropout": 0.3
      },
      {
        "type": "Dense",
        "units": 128,
        "activation": "selu",
        "dropout": 0.2
      },
      {
        "type": "Dense",
        "units": 6,
        "activation": "linear"
      }
    ],
    "regularization": "L2 (5e-4)",
    "batch_normalization": true,
    "residual_connections": true
  },
  "optimizer_config": {
    "optimizer": "AdamW",
    "learning_rate": 0.0001,
    "weight_decay": 0.0001,
    "clipnorm": 1.0
  },
  "callbacks_used": [
    "EarlyStopping",
    "ModelCheckpoint",
    "ReduceLROnPlateau",
    "WarmUpLearningRateScheduler",
    "ConvergenceCallback"
  ],
  "data_preprocessing": {
    "scaler_type": "StandardScaler",
    "train_samples": 25317,
    "val_samples": 6330,
    "input_features": 410,
    "output_features": 6
  },
  "convergence_analysis": {
    "epochs_to_best": "56",
    "epochs_after_best": "8",
    "improvement_rate": 1.5409643479755946,
    "plateau_detected": "False",
    "early_stopping_triggered": true
  }
}