{
  "clustering_metrics": {
    "silhouette_score": 0.20236796817857178,
    "calinski_harabasz_score": 25.312290875110694,
    "davies_bouldin_score": 1.6234581167083315
  },
  "cluster_distribution": {
    "0": 34,
    "1": 39
  },
  "feature_importance": {
    "T_PM_mean": 1.0852933478461853,
    "T_PM_std": 0.09276399616328618,
    "T_PM_min": 0.5578555794238,
    "T_PM_max": 0.6309327383405516,
    "c_mean": 0.8522012593890731,
    "c_std": 1.038621454336383,
    "c_min": 0.024792410441103065,
    "c_max": 0.36242061885246707,
    "d10_mean": 0.005706868004891067,
    "d10_std": 0.0024513714855298767,
    "d10_min": 1.1568271343816672,
    "d10_max": 0.26603420014280793,
    "d50_mean": 1.4902406284212268,
    "d50_std": 1.6550691215107116,
    "d50_min": 1.1335243174685372,
    "d50_max": 1.0700065914086823,
    "d90_mean": 0.00700832487658176,
    "d90_std": 0.3787632396535038,
    "d90_min": 0.0019142318237280918,
    "d90_max": 0.0356003843728257,
    "T_TM_mean": 0.8290236157877687,
    "T_TM_std": 0.5486818629538285,
    "T_TM_min": 0.41434190012623806,
    "T_TM_max": 0.8922619610700281,
    "mf_PM_mean": 0.5625968401497992,
    "mf_PM_std": 0.7101528464567659,
    "mf_PM_min": 0.0007386681438739863,
    "mf_PM_max": 0.2902885639314106,
    "mf_TM_mean": 0.02190023529485347,
    "mf_TM_std": 0.0032573263598243813,
    "mf_TM_min": 0.015285538361568452,
    "mf_TM_max": 0.010694242451461548,
    "Q_g_mean": 1.3458402964707648,
    "Q_g_std": 1.5138281313276623,
    "Q_g_min": 1.6583890302991597,
    "Q_g_max": 0.015162458488276843,
    "w_crystal_mean": 0.03528894158238725,
    "w_crystal_std": 0.0034365626951236663,
    "w_crystal_min": 0.03184917448467373,
    "w_crystal_max": 0.0565630383347093
  },
  "top_features": [
    "c_std",
    "d50_max",
    "T_PM_mean",
    "d50_min",
    "d10_min",
    "Q_g_mean",
    "d50_mean",
    "Q_g_std",
    "d50_std",
    "Q_g_min"
  ],
  "cluster_centers": [
    [
      -0.7726500492498867,
      -0.3120465467159503,
      0.6408998035973319,
      0.6661412861279086,
      0.72647361096769,
      -0.7644572336068357,
      -0.16658437790783445,
      -0.5523873062148112,
      -0.08067817227399054,
      0.05296216778742564,
      0.784367172326798,
      0.4909518057323836,
      0.8285150227141553,
      0.8455961503153637,
      0.7806555778307205,
      0.7700168119423128,
      -0.08934771030583634,
      0.5613476493213655,
      -0.04681390162578083,
      -0.19857477860816555,
      -0.7210520892834595,
      -0.6374880397339738,
      -0.5796890112719506,
      -0.7354419602848546,
      -0.6426403913322563,
      -0.6901624031805537,
      -0.029097601338192655,
      -0.5080007862067146,
      0.15678805978952606,
      0.06102633826348348,
      0.1314132374536213,
      -0.11016863336633902,
      0.8112232470648407,
      0.8311192468906318,
      0.8459151149840172,
      0.13089102932676133,
      -0.19773400999550797,
      0.06267726249873799,
      0.18816282489426162,
      -0.24780582059377285
    ],
    [
      0.6735923506282921,
      0.2720405791882311,
      -0.5587331621104811,
      -0.5807385571371495,
      -0.6333359685359333,
      0.6664498959648221,
      0.14522740638119572,
      0.4815684208026603,
      0.07033481685425251,
      -0.04617214627621699,
      -0.6838072784387446,
      -0.4280092665359237,
      -0.7222951480072136,
      -0.7371863874544193,
      -0.6805715293908888,
      -0.6712967078471467,
      0.07789287565124296,
      -0.48938000197246895,
      0.04081211936606186,
      0.17311647365840338,
      0.6286095137342003,
      0.5557588038706501,
      0.5053699072627217,
      0.6411545294791056,
      0.5602505975717084,
      0.6016800437984445,
      0.02536713962816775,
      0.44287248028277704,
      -0.13668702648317924,
      -0.05320244874252335,
      -0.11456538649827405,
      0.09604444960143657,
      -0.707220266671912,
      -0.724565497289272,
      -0.7374644592168383,
      -0.11411012813104118,
      0.17238349589351767,
      -0.0546417160245487,
      -0.164039385805256,
      0.21603584359458236
    ]
  ],
  "n_clusters": 2,
  "total_files": 73
}