{
  "cluster_id": 0,
  "training_summary": {
    "total_training_samples": 30688,
    "total_validation_samples": 7672,
    "input_dimension": 410,
    "output_dimension": 6,
    "batch_size": 32,
    "max_epochs": 300,
    "actual_epochs_trained": 99,
    "epochs_saved": 201,
    "early_stopping_patience": 8,
    "min_improvement_threshold": 1e-06
  },
  "performance_metrics": {
    "best_validation_loss": 8.504812240600586,
    "best_epoch": "91",
    "final_training_loss": 10.245697975158691,
    "final_validation_loss": 8.507087707519531,
    "loss_improvement": 66.29903602600098,
    "convergence_rate": 779.5473215681376
  },
  "training_history": {
    "train_loss": [
      685.6619262695312,
      183.8783416748047,
      72.040283203125,
      47.47158432006836,
      36.28107833862305,
      29.626169204711914,
      25.79496192932129,
      23.091590881347656,
      21.61565589904785,
      19.994779586791992,
      18.8909912109375,
      17.96285629272461,
      17.093002319335938,
      16.33526611328125,
      15.6669340133667,
      15.006665229797363,
      14.522170066833496,
      13.948431015014648,
      13.49637222290039,
      13.085177421569824,
      12.762353897094727,
      11.959504127502441,
      11.892818450927734,
      11.708189964294434,
      11.644881248474121,
      11.661322593688965,
      11.543488502502441,
      11.436860084533691,
      11.33200454711914,
      11.279204368591309,
      11.2760648727417,
      11.192885398864746,
      11.183913230895996,
      11.127629280090332,
      11.100255966186523,
      11.00818920135498,
      10.963286399841309,
      10.889973640441895,
      10.822251319885254,
      10.715262413024902,
      10.736623764038086,
      10.691633224487305,
      10.658876419067383,
      10.580026626586914,
      10.512452125549316,
      10.516558647155762,
      10.46114444732666,
      10.49099063873291,
      10.49449634552002,
      10.430270195007324,
      10.495877265930176,
      10.420975685119629,
      10.453789710998535,
      10.417271614074707,
      10.394241333007812,
      10.42621898651123,
      10.372164726257324,
      10.361814498901367,
      10.348060607910156,
      10.402315139770508,
      10.377079010009766,
      10.37795352935791,
      10.371272087097168,
      10.364266395568848,
      10.331711769104004,
      10.312376022338867,
      10.32794189453125,
      10.30062484741211,
      10.290350914001465,
      10.333685874938965,
      10.28551959991455,
      10.289654731750488,
      10.245023727416992,
      10.30483627319336,
      10.282754898071289,
      10.271774291992188,
      10.2988862991333,
      10.248011589050293,
      10.291340827941895,
      10.240168571472168,
      10.283719062805176,
      10.253910064697266,
      10.237340927124023,
      10.293548583984375,
      10.321065902709961,
      10.277178764343262,
      10.241455078125,
      10.30240249633789,
      10.225601196289062,
      10.20695686340332,
      10.219472885131836,
      10.22736930847168,
      10.21174430847168,
      10.206954002380371,
      10.24303913116455,
      10.20125675201416,
      10.23440170288086,
      10.186161041259766,
      10.245697975158691
    ],
    "val_loss": [
      74.80384826660156,
      18.65497398376465,
      20.65489959716797,
      15.348624229431152,
      13.065423011779785,
      13.594927787780762,
      13.65483570098877,
      10.152094841003418,
      10.442461967468262,
      10.188130378723145,
      10.060806274414062,
      10.211882591247559,
      10.114377975463867,
      9.8994779586792,
      9.621712684631348,
      9.603917121887207,
      9.372437477111816,
      9.194384574890137,
      9.489433288574219,
      9.283427238464355,
      9.38985824584961,
      8.895140647888184,
      8.919503211975098,
      8.901263236999512,
      8.873334884643555,
      8.88548755645752,
      8.834282875061035,
      8.881256103515625,
      8.795462608337402,
      8.834770202636719,
      8.758259773254395,
      8.762681007385254,
      8.757556915283203,
      8.798064231872559,
      8.77798843383789,
      8.7263822555542,
      8.758999824523926,
      8.667830467224121,
      8.691635131835938,
      8.644543647766113,
      8.654891014099121,
      8.738632202148438,
      8.67027759552002,
      8.592399597167969,
      8.601977348327637,
      8.582727432250977,
      8.580327033996582,
      8.598962783813477,
      8.578267097473145,
      8.59017276763916,
      8.576519966125488,
      8.576470375061035,
      8.569095611572266,
      8.573177337646484,
      8.576632499694824,
      8.558598518371582,
      8.559760093688965,
      8.571428298950195,
      8.554956436157227,
      8.553667068481445,
      8.561386108398438,
      8.546916961669922,
      8.554862976074219,
      8.55650806427002,
      8.548107147216797,
      8.527875900268555,
      8.536147117614746,
      8.527409553527832,
      8.526473999023438,
      8.527007102966309,
      8.525145530700684,
      8.523327827453613,
      8.524548530578613,
      8.519736289978027,
      8.520073890686035,
      8.515849113464355,
      8.520517349243164,
      8.524384498596191,
      8.520783424377441,
      8.513118743896484,
      8.516365051269531,
      8.511792182922363,
      8.517115592956543,
      8.517580032348633,
      8.518238067626953,
      8.517820358276367,
      8.517730712890625,
      8.510019302368164,
      8.514426231384277,
      8.509568214416504,
      8.504812240600586,
      8.508654594421387,
      8.50967788696289,
      8.511754989624023,
      8.514220237731934,
      8.50738525390625,
      8.510451316833496,
      8.507925033569336,
      8.507087707519531
    ],
    "epochs": [
      1,
      2,
      3,
      4,
      5,
      6,
      7,
      8,
      9,
      10,
      11,
      12,
      13,
      14,
      15,
      16,
      17,
      18,
      19,
      20,
      21,
      22,
      23,
      24,
      25,
      26,
      27,
      28,
      29,
      30,
      31,
      32,
      33,
      34,
      35,
      36,
      37,
      38,
      39,
      40,
      41,
      42,
      43,
      44,
      45,
      46,
      47,
      48,
      49,
      50,
      51,
      52,
      53,
      54,
      55,
      56,
      57,
      58,
      59,
      60,
      61,
      62,
      63,
      64,
      65,
      66,
      67,
      68,
      69,
      70,
      71,
      72,
      73,
      74,
      75,
      76,
      77,
      78,
      79,
      80,
      81,
      82,
      83,
      84,
      85,
      86,
      87,
      88,
      89,
      90,
      91,
      92,
      93,
      94,
      95,
      96,
      97,
      98,
      99
    ]
  },
  "model_architecture": {
    "input_shape": 410,
    "output_shape": 6,
    "layers": [
      {
        "type": "Dense",
        "units": 1024,
        "activation": "selu",
        "dropout": 0.4
      },
      {
        "type": "Dense",
        "units": 512,
        "activation": "selu",
        "dropout": 0.4
      },
      {
        "type": "Dense",
        "units": 256,
        "activation": "selu",
        "dropout": 0.3
      },
      {
        "type": "Dense",
        "units": 128,
        "activation": "selu",
        "dropout": 0.2
      },
      {
        "type": "Dense",
        "units": 6,
        "activation": "linear"
      }
    ],
    "regularization": "L2 (5e-4)",
    "batch_normalization": true,
    "residual_connections": true
  },
  "optimizer_config": {
    "optimizer": "AdamW",
    "learning_rate": 0.0001,
    "weight_decay": 0.0001,
    "clipnorm": 1.0
  },
  "callbacks_used": [
    "EarlyStopping",
    "ModelCheckpoint",
    "ReduceLROnPlateau",
    "WarmUpLearningRateScheduler",
    "ConvergenceCallback"
  ],
  "data_preprocessing": {
    "scaler_type": "StandardScaler",
    "train_samples": 30688,
    "val_samples": 7672,
    "input_features": 410,
    "output_features": 6
  },