{
  "cluster_id": 1,
  "training_summary": {
    "total_training_samples": 25317,
    "total_validation_samples": 6330,
    "input_dimension": 410,
    "output_dimension": 6,
    "batch_size": 32,
    "max_epochs": 300,
    "actual_epochs_trained": 62,
    "epochs_saved": 238,
    "early_stopping_patience": 8,
    "min_improvement_threshold": 1e-06
  },
  "performance_metrics": {
    "best_validation_loss": 14.506699562072754,
    "best_epoch": "54",
    "final_training_loss": 19.983150482177734,
    "final_validation_loss": 14.513473510742188,
    "loss_improvement": 86.01133632659912,
    "convergence_rate": 592.9076835055762
  },
  "training_history": {
    "train_loss": [
      769.2349853515625,
      218.0291748046875,
      83.7823715209961,
      57.60063934326172,
      44.69220733642578,
      37.536556243896484,
      32.5372314453125,
      30.08037567138672,
      27.910348892211914,
      26.667078018188477,
      25.34774398803711,
      22.988645553588867,
      22.555091857910156,
      22.391733169555664,
      22.16402244567871,
      21.978391647338867,
      21.892972946166992,
      21.77839469909668,
      21.39922523498535,
      21.171798706054688,
      21.17542839050293,
      20.818655014038086,
      20.770442962646484,
      20.565181732177734,
      20.67061996459961,
      20.577640533447266,
      20.7386417388916,
      20.669761657714844,
      20.519834518432617,
      20.556228637695312,
      20.579755783081055,
      20.399280548095703,
      20.368282318115234,
      20.26673698425293,
      20.42744255065918,
      20.21820640563965,
      20.333829879760742,
      20.247079849243164,
      20.460905075073242,
      20.253517150878906,
      20.24787712097168,
      20.35039520263672,
      20.343149185180664,
      20.205812454223633,
      20.23520278930664,
      20.243696212768555,
      20.192344665527344,
      20.201284408569336,
      20.337053298950195,
      20.252111434936523,
      20.193025588989258,
      20.12339210510254,
      20.119979858398438,
      20.242631912231445,
      20.09211540222168,
      20.046266555786133,
      20.03326416015625,
      20.271114349365234,
      20.203662872314453,
      20.14171600341797,
      20.164329528808594,
      19.983150482177734
    ],
    "val_loss": [
      100.51803588867188,
      27.24183464050293,
      24.2042179107666,
      19.729907989501953,
      20.649816513061523,
      17.346616744995117,
      18.308311462402344,
      16.600488662719727,
      17.213977813720703,
      16.836606979370117,
      17.129215240478516,
      15.126626968383789,
      15.321268081665039,
      14.863238334655762,
      14.842684745788574,
      15.011700630187988,
      14.805803298950195,
      14.800908088684082,
      14.981407165527344,
      15.063130378723145,
      14.946182250976562,
      14.638509750366211,
      14.598877906799316,
      14.679017066955566,
      14.591707229614258,
      14.587308883666992,
      14.598915100097656,
      14.58520221710205,
      14.598628997802734,
      14.673842430114746,
      14.595965385437012,
      14.549201011657715,
      14.558881759643555,
      14.535245895385742,
      14.546719551086426,
      14.535236358642578,
      14.527263641357422,
      14.534329414367676,
      14.527237892150879,
      14.534070014953613,
      14.530797958374023,
      14.526718139648438,
      14.520030975341797,
      14.553707122802734,
      14.530779838562012,
      14.527304649353027,
      14.542686462402344,
      14.5222749710083,
      14.518198013305664,
      14.529589653015137,
      14.519588470458984,
      14.535111427307129,
      14.543389320373535,
      14.506699562072754,
      14.52196979522705,
      14.521108627319336,
      14.52295970916748,
      14.52046012878418,
      14.555744171142578,
      14.528182983398438,
      14.520591735839844,
      14.513473510742188
    ],
    "epochs": [
      1,
      2,
      3,
      4,
      5,
      6,
      7,
      8,
      9,
      10,
      11,
      12,
      13,
      14,
      15,
      16,
      17,
      18,
      19,
      20,
      21,
      22,
      23,
      24,
      25,
      26,
      27,
      28,
      29,
      30,
      31,
      32,
      33,
      34,
      35,
      36,
      37,
      38,
      39,
      40,
      41,
      42,
      43,
      44,
      45,
      46,
      47,
      48,
      49,
      50,
      51,
      52,
      53,
      54,
      55,
      56,
      57,
      58,
      59,
      60,
      61,
      62
    ]
  },
  "model_architecture": {
    "input_shape": 410,
    "output_shape": 6,
    "layers": [
      {
        "type": "Dense",
        "units": 1024,
        "activation": "selu",
        "dropout": 0.4
      },
      {
        "type": "Dense",
        "units": 512,
        "activation": "selu",
        "dropout": 0.4
      },
      {
        "type": "Dense",
        "units": 256,
        "activation": "selu",
        "dropout": 0.3
      },
      {
        "type": "Dense",
        "units": 128,
        "activation": "selu",
        "dropout": 0.2
      },
      {
        "type": "Dense",
        "units": 6,
        "activation": "linear"
      }
    ],
    "regularization": "L2 (5e-4)",
    "batch_normalization": true,
    "residual_connections": true
  },
  "optimizer_config": {
    "optimizer": "AdamW",
    "learning_rate": 0.0001,
    "weight_decay": 0.0001,
    "clipnorm": 1.0
  },
  "callbacks_used": [
    "EarlyStopping",
    "ModelCheckpoint",
    "ReduceLROnPlateau",
    "WarmUpLearningRateScheduler",
    "ConvergenceCallback"
  ],
  "data_preprocessing": {
    "scaler_type": "StandardScaler",
    "train_samples": 25317,
    "val_samples": 6330,
    "input_features": 410,
    "output_features": 6
  },
  "convergence_analysis": {
    "epochs_to_best": "54",
    "epochs_after_best": "8",
    "improvement_rate": 1.5928025245666504,
    "plateau_detected": "False",
    "early_stopping_triggered": true
  }
}