{
  "T_PM": {
    "raw": {
      "count": "5000",
      "mean": 313.4112201810598,
      "std": 5.175486886129532,
      "min": 299.5460969671286,
      "max": 319.0041979568881,
      "q25": 309.8836781180315,
      "q75": 318.02441408709893
    },
    "cleaned_original": {
      "count": "5000",
      "mean": 313.4112201810598,
      "std": 5.175486886129532,
      "min": 299.5460969671286,
      "max": 319.0041979568881,
      "q25": 309.8836781180315,
      "q75": 318.02441408709893
    },
    "cleaned_iqr": {
      "count": "5000",
      "mean": 313.44014173317,
      "std": 5.116935649668816,
      "min": 299.7502229598052,
      "max": 319.0041979568881,
      "q25": 309.8836781180315,
      "q75": 318.02441408709893
    }
  },
  "c": {
    "raw": {
      "count": "5000",
      "mean": 0.18170808441881395,
      "std": 0.005830242225336643,
      "min": 0.161811556573174,
      "max": 0.1890724957187127,
      "q25": 0.17943130933369839,
      "q75": 0.18558045082628716
    },
    "cleaned_original": {
      "count": "5000",
      "mean": 0.18170808441881395,
      "std": 0.005830242225336643,
      "min": 0.161811556573174,
      "max": 0.1890724957187127,
      "q25": 0.17943130933369839,
      "q75": 0.18558045082628716
    },
    "cleaned_iqr": {
      "count": "5000",
      "mean": 0.1817847831983952,
      "std": 0.00570590918483116,
      "min": 0.161811556573174,
      "max": 0.1890724957187127,
      "q25": 0.17943130933369839,
      "q75": 0.18558045082628716
    }
  },
  "d10": {
    "raw": {
      "count": "5000",
      "mean": 0.00037555712044842673,
      "std": 0.0015905193424056055,
      "min": 0.0001,
      "max": 0.0500884684343746,
      "q25": 0.000267008382594125,
      "q75": 0.000332598683762975
    },
    "cleaned_original": {
      "count": "5000",
      "mean": 0.00037555712044842673,
      "std": 0.0015905193424056055,
      "min": 0.0001,
      "max": 0.0500884684343746,
      "q25": 0.000267008382594125,
      "q75": 0.000332598683762975
    },
    "cleaned_iqr": {
      "count": "5000",
      "mean": 0.0003025612086937521,
      "std": 4.678690938272676e-05,
      "min": 0.00013490676666580008,
      "max": 0.0004660935159469999,
      "q25": 0.000267008382594125,
      "q75": 0.000332598683762975
    }
  },
  "d50": {
    "raw": {
      "count": "5000",
      "mean": 0.0003896540096115923,
      "std": 0.0007853380751371172,
      "min": 0.0001,
      "max": 0.028233707608478,
      "q25": 0.000319802658959825,
      "q75": 0.000384382779752175
    },
    "cleaned_original": {
      "count": "5000",
      "mean": 0.0003896540096115923,
      "std": 0.0007853380751371172,
      "min": 0.0001,
      "max": 0.028233707608478,
      "q25": 0.000319802658959825,
      "q75": 0.000384382779752175
    },
    "cleaned_iqr": {
      "count": "5000",
      "mean": 0.0003540882502317607,
      "std": 4.5173625674720404e-05,
      "min": 0.00019049817208122497,
      "max": 0.0005165936151978251,
      "q25": 0.000319802658959825,
      "q75": 0.000384382779752175
    }
  },
  "d90": {
    "raw": {
      "count": "5000",
      "mean": 0.000480534002669053,
      "std": 0.0012781243715089703,
      "min": 0.0001,
      "max": 0.0483449889288432,
      "q25": 0.0003809894180495,
      "q75": 0.000463168688320775
    },
    "cleaned_original": {
      "count": "5000",
      "mean": 0.000480534002669053,
      "std": 0.0012781243715089703,
      "min": 0.0001,
      "max": 0.0483449889288432,
      "q25": 0.0003809894180495,
      "q75": 0.000463168688320775
    },
    "cleaned_iqr": {
      "count": "5000",
      "mean": 0.00042629870872054116,
      "std": 6.0957166174799255e-05,
      "min": 0.0002449608626674626,
      "max": 0.0006231815303357125,
      "q25": 0.0003809894180495,
      "q75": 0.000463168688320775
    }
  },
  "T_TM": {
    "raw": {
      "count": "5000",
      "mean": 313.0859190652738,
      "std": 5.271935689589442,
      "min": 298.6109496482943,
      "max": 318.6476108188364,
      "q25": 309.2304711800445,
      "q75": 317.7982467732504
    },
    "cleaned_original": {
      "count": "5000",
      "mean": 313.0859190652738,
      "std": 5.271935689589442,
      "min": 298.6109496482943,
      "max": 318.6476108188364,
      "q25": 309.2304711800445,
      "q75": 317.7982467732504
    },
    "cleaned_iqr": {
      "count": "5000",
      "mean": 313.1156846299163,
      "std": 5.211237407910533,
      "min": 298.89701287961293,
      "max": 318.6476108188364,
      "q25": 309.2304711800445,
      "q75": 317.7982467732504
    }
  },
  "mf_PM": {
    "raw": {
      "count": "5000",
      "mean": 0.0005243031818633451,
      "std": 0.00017705575632125274,
      "min": 0.0001668586342626,
      "max": 0.0008329012379452,
      "q25": 0.000425260439688,
      "q75": 0.0006393018641066
    },
    "cleaned_original": {
      "count": "5000",
      "mean": 0.0005243031818633451,
      "std": 0.00017705575632125274,
      "min": 0.0001668586342626,
      "max": 0.0008329012379452,
      "q25": 0.000425260439688,
      "q75": 0.0006393018641066
    },
    "cleaned_iqr": {
      "count": "5000",
      "mean": 0.0005267799676417543,
      "std": 0.00017250976566448995,
      "min": 0.000172656396822,
      "max": 0.0008329012379452,
      "q25": 0.000425260439688,
      "q75": 0.0006393018641066
    }
  },
  "mf_TM": {
    "raw": {
      "count": "5000",
      "mean": 0.008521978147860957,
      "std": 0.005174030516695422,
      "min": 0.0009771683396456,
      "max": 0.0165213308508535,
      "q25": 0.0034940608128258,
      "q75": 0.0133304542504132
    },
    "cleaned_original": {
      "count": "5000",
      "mean": 0.008521978147860957,
      "std": 0.005174030516695422,
      "min": 0.0009771683396456,
      "max": 0.0165213308508535,
      "q25": 0.0034940608128258,
      "q75": 0.0133304542504132
    },
    "cleaned_iqr": {
      "count": "5000",
      "mean": 0.008521978147860957,
      "std": 0.005174030516695422,
      "min": 0.0009771683396456,
      "max": 0.0165213308508535,
      "q25": 0.0034940608128258,
      "q75": 0.0133304542504132
    }
  },
  "Q_g": {
    "raw": {
      "count": "5000",
      "mean": 4.935976890366346e-07,
      "std": 1.7750236424508736e-07,
      "min": 1.811824213023078e-07,
      "max": 8.255936528935683e-07,
      "q25": 3.675175567814864e-07,
      "q75": 6.696238792466596e-07
    },
    "cleaned_original": {
      "count": "5000",
      "mean": 4.935976890366346e-07,
      "std": 1.7750236424508736e-07,
      "min": 1.811824213023078e-07,
      "max": 8.255936528935683e-07,
      "q25": 3.675175567814864e-07,
      "q75": 6.696238792466596e-07
    },
    "cleaned_iqr": {
      "count": "5000",
      "mean": 4.933612607221867e-07,
      "std": 1.7740167806341136e-07,
      "min": 1.811824213023078e-07,
      "max": 8.255936528935683e-07,
      "q25": 3.675175567814864e-07,
      "q75": 6.696238792466596e-07
    }
  },
  "w_crystal": {
    "raw": {
      "count": "5000",
      "mean": 0.005648720146479002,
      "std": 0.002624422373067307,
      "min": 0.0010480154159692,
      "max": 0.009973404484094,
      "q25": 0.003781039958261,
      "q75": 0.0083964730350456
    },
    "cleaned_original": {
      "count": "5000",
      "mean": 0.005648720146479002,
      "std": 0.002624422373067307,
      "min": 0.0010480154159692,
      "max": 0.009973404484094,
      "q25": 0.003781039958261,
      "q75": 0.0083964730350456
    },
    "cleaned_iqr": {
      "count": "5000",
      "mean": 0.0056621440162272175,
      "std": 0.002608747040531835,
      "min": 0.0010480154159692,
      "max": 0.009973404484094,
      "q25": 0.003781039958261,
      "q75": 0.0083964730350456
    }
  }
}