{
  "clustering_metrics": {
    "silhouette_score": 0.18935316596405344,
    "calinski_harabasz_score": 23.805154101902538,
    "davies_bouldin_score": 1.659294448105152
  },
  "cluster_distribution": {
    "0": 40,
    "1": 33
  },
  "feature_importance": {
    "T_PM_mean": 1.0086524485605555,
    "T_PM_std": 0.028764383565972648,
    "T_PM_min": 0.44564777826800267,
    "T_PM_max": 0.4731879798334926,
    "c_mean": 0.6986824732527958,
    "c_std": 0.9939398571738662,
    "c_min": 0.013809230514910589,
    "c_max": 0.3275926059182619,
    "d10_mean": 0.0019424531204853424,
    "d10_std": 0.007914888677567549,
    "d10_min": 1.2979029168312806,
    "d10_max": 0.30791889926813837,
    "d50_mean": 0.9496154790267511,
    "d50_std": 1.1093977669348607,
    "d50_min": 0.9728488830316251,
    "d50_max": 1.227922805336326,
    "d90_mean": 0.007703318228854464,
    "d90_std": 0.7376395176445641,
    "d90_min": 0.0024914613549277117,
    "d90_max": 0.021193389377859112,
    "T_TM_mean": 1.0851982602947103,
    "T_TM_std": 0.4037359139253969,
    "T_TM_min": 0.29225152760150014,
    "T_TM_max": 0.7799014130911949,
    "mf_PM_mean": 0.6003212658647286,
    "mf_PM_std": 0.9425082769172304,
    "mf_PM_min": 0.004793343131634159,
    "mf_PM_max": 0.4294009633097662,
    "mf_TM_mean": 0.032243238219143516,
    "mf_TM_std": 0.0006104351606974659,
    "mf_TM_min": 0.013438060759063864,
    "mf_TM_max": 9.679190597393749e-05,
    "Q_g_mean": 0.9944859123643175,
    "Q_g_std": 1.1089515449714884,
    "Q_g_min": 1.4105461348049877,
    "Q_g_max": 0.012354466380122704,
    "w_crystal_mean": 0.010173179085021949,
    "w_crystal_std": 0.003928910887312429,
    "w_crystal_min": 0.029173420031973818,
    "w_crystal_max": 0.0461859785518062
  },
  "top_features": [
    "d50_min",
    "c_std",
    "Q_g_mean",
    "T_PM_mean",
    "T_TM_mean",
    "Q_g_std",
    "d50_std",
    "d50_max",
    "d10_min",
    "Q_g_min"
  ],
  "cluster_centers": [
    [
      -0.6436434419252602,
      -0.1518785876125898,
      0.5043030567705852,
      0.5147717944861757,
      0.5825199396235872,
      -0.641284879544366,
      -0.10600676792838559,
      -0.4511922249654651,
      -0.03999271223358101,
      -0.08048917008671698,
      0.6826250797663989,
      0.44071186146371577,
      0.63390822192832,
      0.6587056324259499,
      0.6378267898642869,
      0.67431440506715,
      -0.07941445312770715,
      0.5917921764661812,
      -0.04528076033884212,
      -0.13084983687321378,
      -0.655251225316248,
      -0.48711663428923646,
      -0.43194837260614777,
      -0.6012413675706877,
      -0.5563079292629082,
      -0.6326858501318339,
      -0.0627347048715845,
      -0.49783043780822583,
      0.16052965668706942,
      -0.022434388212663567,
      0.10459156686837248,
      0.00893563618448628,
      0.641373194968906,
      0.6586428151435705,
      0.6948049406876656,
      0.10033967005108664,
      -0.09115015309119272,
      0.05682135460989404,
      0.15292425240400373,
      -0.19084360050856744
    ],
    [
      0.7801738690002249,
      0.18409525771220187,
      -0.6112764324491982,
      -0.6239658114983915,
      -0.7060847753013447,
      0.7773150055083353,
      0.1284930520344165,
      0.5468996666248076,
      0.048476014828588876,
      0.09756263040813414,
      -0.827424339110787,
      -0.5341961957135942,
      -0.7683736023373579,
      -0.798431069607213,
      -0.7731233816536817,
      -0.817350794020789,
      0.09625994318510132,
      -0.7173238502620327,
      0.0548857701076841,
      0.15860586287662334,
      0.7942439094741328,
      0.5904444051990636,
      0.5235737849771487,
      0.7287774152371939,
      0.6743126415307972,
      0.7668919395537975,
      0.0760420665110101,
      0.603430833706941,
      -0.19458140204493465,
      0.02719319783353259,
      -0.12677765681043832,
      -0.010831074162998578,
      -0.7774220545077707,
      -0.798354927446761,
      -0.8421878068941387,
      -0.12162384248618742,
      0.11048503404992405,
      -0.06887436922411996,
      -0.18536273018667193,
      0.23132557637403717
    ]
  ],
  "n_clusters": 2,
  "total_files": 73
}