{
  "clustering_metrics": {
    "silhouette_score": 0.3005320143873911,
    "calinski_harabasz_score": 25.680337798013582,
    "davies_bouldin_score": 1.4295133902464572
  },
  "cluster_distribution": {
    "0": 36,
    "1": 36
  },
  "feature_importance": {
    "T_PM_mean": 0.028146305939514307,
    "T_PM_std": 6.280447483265342,
    "T_PM_min": 0.014289976646925797,
    "T_PM_max": 0.014289813598628201,
    "c_mean": 0.014288071816542038,
    "c_std": 0.025660595474433348,
    "c_min": 0.0003050218770435907,
    "c_max": 0.03627522378048,
    "d10_mean": 0.0001078740572650378,
    "d10_std": 0.034585948704487404,
    "d10_min": 17.499999999550358,
    "d10_max": 17.49999999955035,
    "d50_mean": 17.49999999955035,
    "d50_std": 0.0020367398247523234,
    "d50_min": 0.31878357184179273,
    "d50_max": 0.06898985244040312,
    "d90_mean": 0.06599400728932006,
    "d90_std": 0.01239198250282637,
    "d90_min": 0.0017287331873690889,
    "d90_max": 0.017756585232493887,
    "T_TM_mean": 0.0005604283138693611,
    "T_TM_std": 0.007274953037459194,
    "T_TM_min": 0.017780460124601685,
    "T_TM_max": 17.499999999550354,
    "mf_PM_mean": 17.499999999550347,
    "mf_PM_std": 17.499999999550347,
    "mf_PM_min": 0.00023559163531697568,
    "mf_PM_max": 0.03890577739515212,
    "mf_TM_mean": 0.014287304105065178,
    "mf_TM_std": 0.01428845110962802,
    "mf_TM_min": 0.014287679407680874,
    "mf_TM_max": 0.00017041817775957947,
    "Q_g_mean": 0.0015231357288443337,
    "Q_g_std": 5.605930735379183e-05,
    "Q_g_min": 0.016610063502506933,
    "Q_g_max": 0.03792327482905334,
    "w_crystal_mean": 17.49999999955035,
    "w_crystal_std": 17.499999999550347,
    "w_crystal_min": 17.499999999550347,
    "w_crystal_max": 0.008955198409365348,
    "c_in_mean": 14.786692580445308,
    "c_in_std": 0.014291936340704648,
    "c_in_min": 0.014291573354685432,
    "c_in_max": 0.01428858994644588,
    "T_PM_in_mean": 0.011958729156597455,
    "T_PM_in_std": 0.0018344551149105572,
    "T_PM_in_min": 0.0010432152739849544,
    "T_PM_in_max": 0.00243508269508792,
    "T_TM_in_mean": 0.012962754951359342,
    "T_TM_in_std": 17.49999999955035,
    "T_TM_in_min": 17.499999999550347,
    "T_TM_in_max": 17.499999999550347
  },
  "top_features": [
    "w_crystal_min",
    "w_crystal_std",
    "mf_PM_mean",
    "mf_PM_std",
    "d50_mean",
    "d10_max",
    "w_crystal_mean",
    "T_TM_in_std",
    "T_TM_max",
    "d10_min"
  ],
  "cluster_centers": [
    [
      0.16545627486301825,
      0.9287872767512063,
      -0.11869561982271995,
      -0.1186949522038489,
      -0.1186878200411763,
      0.15817270060908353,
      0.017462212547918382,
      0.1870972881547537,
      -0.01038568349739832,
      0.18283804067094578,
      0.972597525159292,
      0.9725975251524415,
      0.9725975251524415,
      -0.045084364778649674,
      0.4916558397658545,
      -0.25404217171964677,
      -0.2488140317780326,
      -0.11063589339884505,
      -0.04154214518261717,
      -0.13208629687446788,
      0.023666736359203282,
      0.084984765348961,
      -0.13217351610772007,
      0.9725975251592753,
      -0.9725975251592753,
      -0.9725975251592753,
      0.01534718687479511,
      0.1935169310858322,
      -0.11868467631053235,
      -0.1186893731902322,
      -0.11868621316234804,
      0.013053319131668486,
      0.038997683451855995,
      -0.007487066507257015,
      -0.12782283457723576,
      0.19114823456779223,
      0.9725975251592942,
      0.9725975251543244,
      0.9725975251543244,
      -0.09421101116068156,
      0.9678096452229416,
      -0.11870364369006439,
      -0.1187021575053824,
      -0.11868994170108324,
      -0.10870790208308179,
      0.04279130812905343,
      0.03228200907664527,
      0.049286585106067954,
      0.11312326123518636,
      0.9725975251592942,
      0.9725975251543244,
      0.9725975251543244
    ],
    [
      -0.1654562748629759,
      -0.928787276751262,
      0.1186956198227199,
      0.1186949522038488,
      0.11868782004117613,
      -0.15817270060900038,
      -0.01746221254791479,
      -0.18709728815474666,
      0.010385683497398329,
      -0.1828380406709545,
      -0.9725975251592587,
      -0.972597525166106,
      -0.972597525166106,
      0.04508436477864861,
      -0.49165583976585353,
      0.2540421717196486,
      0.24881403177803188,
      0.1106358933988425,
      0.04154214518261466,
      0.132086296874472,
      -0.023666736359194446,
      -0.08498476534896404,
      0.13217351610772368,
      -0.9725975251592753,
      0.9725975251592753,
      0.9725975251592753,
      -0.015347186874915575,
      -0.19351693108583298,
      0.11868467631053249,
      0.11868937319023226,
      0.11868621316234808,
      -0.013053319131655045,
      -0.03899768345185817,
      0.007487066507257496,
      0.12782283457723514,
      -0.19114823456779298,
      -0.9725975251592567,
      -0.9725975251642245,
      -0.9725975251642245,
      0.09421101116044618,
      -0.9678096452229336,
      0.11870364369006434,
      0.11870215750538261,
      0.11868994170108337,
      0.10870790208307714,
      -0.042791308129056634,
      -0.032282009076644316,
      -0.04928658510607808,
      -0.11312326123518264,
      -0.9725975251592567,
      -0.9725975251642245,
      -0.9725975251642245
    ]
  ],
  "n_clusters": 2,
  "total_files": 72
}