file,T_PM_MAE,T_PM_MSE,T_PM_R2,T_PM_COV,c_MAE,c_MSE,c_R2,c_COV,d10_MAE,d10_MSE,d10_R2,d10_COV,d50_MAE,d50_MSE,d50_R2,d50_COV,d90_MAE,d90_MSE,d90_R2,d90_COV,T_TM_MAE,T_TM_MSE,T_TM_R2,T_TM_COV,T_PM_MAE_open,T_PM_MSE_open,T_PM_R2_open,T_PM_COV_open,c_MAE_open,c_MSE_open,c_R2_open,c_COV_open,d10_MAE_open,d10_MSE_open,d10_R2_open,d10_COV_open,d50_MAE_open,d50_MSE_open,d50_R2_open,d50_COV_open,d90_MAE_open,d90_MSE_open,d90_R2_open,d90_COV_open,T_TM_MAE_open,T_TM_MSE_open,T_TM_R2_open,T_TM_COV_open
file_12738,0.12619058065250208,0.029407826958299042,0.992395836005125,100.0,0.0002428289580510725,1.3974556667000372e-07,0.9793938659524094,99.2849846782431,6.694395589414441e-06,7.858877789851257e-11,0.8901358621153885,100.0,5.717339472798265e-06,5.6948035298530625e-11,0.9031647620309208,100.0,1.0769007820593694e-05,1.8610918259204966e-10,0.7569255708702681,100.0,0.11408930524959021,0.029599934837413376,0.9927382793734449,100.0,0.29270261417026305,0.22030158469528505,0.9430352545011484,93.56486210418795,0.0004811580708367486,4.906943693387614e-07,0.9276448320191124,96.62921348314607,8.159424156295643e-06,1.1746985756438344e-10,0.8357815839125886,99.79570990806947,6.932728354632975e-06,8.594391290413667e-11,0.8538597650570636,99.48927477017364,1.1332954240930494e-05,2.1076135020768597e-10,0.7247277422273023,100.0,0.26052367860289366,0.22386721829329007,0.9450788927198881,93.87129724208376
