{
  "cluster_id": 1,
  "training_summary": {
    "total_training_samples": 24279,
    "total_validation_samples": 6070,
    "input_dimension": 273,
    "output_dimension": 6,
    "batch_size": 32,
    "max_epochs": 300,
    "actual_epochs_trained": 102,
    "epochs_saved": 198,
    "early_stopping_patience": 8,
    "min_improvement_threshold": 1e-06
  },
  "performance_metrics": {
    "best_validation_loss": 4.641979217529297,
    "best_epoch": "94",
    "final_training_loss": 5.048433780670166,
    "final_validation_loss": 4.642298698425293,
    "loss_improvement": 38.71961975097656,
    "convergence_rate": 834.1187656498205
  },
  "training_history": {
    "train_loss": [
      493.2193603515625,
      145.5859375,
      53.39427185058594,
      35.20228576660156,
      26.564790725708008,
      21.18978500366211,
      18.315181732177734,
      16.64387321472168,
      15.121849060058594,
      14.033219337463379,
      13.223785400390625,
      12.533167839050293,
      11.829102516174316,
      11.27242374420166,
      10.802906036376953,
      10.480595588684082,
      9.960921287536621,
      9.630084991455078,
      9.28077507019043,
      8.95396900177002,
      8.67116928100586,
      8.456429481506348,
      8.179555892944336,
      7.998607158660889,
      7.787020206451416,
      7.557344436645508,
      7.433382987976074,
      7.23090934753418,
      7.097342491149902,
      6.9614129066467285,
      6.831743240356445,
      6.685018539428711,
      6.559494495391846,
      6.478862762451172,
      6.347886085510254,
      6.277833461761475,
      6.188913822174072,
      6.107614994049072,
      5.9841437339782715,
      5.954345703125,
      5.8550286293029785,
      5.791540622711182,
      5.7119951248168945,
      5.670504093170166,
      5.476578235626221,
      5.433746814727783,
      5.425932884216309,
      5.398779392242432,
      5.375244617462158,
      5.355683326721191,
      5.347036361694336,
      5.337042331695557,
      5.33011531829834,
      5.322272300720215,
      5.289877891540527,
      5.276669025421143,
      5.275952339172363,
      5.256007194519043,
      5.232010364532471,
      5.235159397125244,
      5.213200092315674,
      5.222590923309326,
      5.208150863647461,
      5.1912150382995605,
      5.17283821105957,
      5.189938068389893,
      5.150440692901611,
      5.169361114501953,
      5.1396684646606445,
      5.13004732131958,
      5.099235534667969,
      5.077610015869141,
      5.08654260635376,
      5.06986665725708,
      5.080292701721191,
      5.073166370391846,
      5.065725326538086,
      5.051314353942871,
      5.061607837677002,
      5.062631130218506,
      5.055849552154541,
      5.053884506225586,
      5.064669132232666,
      5.059319019317627,
      5.05829381942749,
      5.05319356918335,
      5.046898365020752,
      5.062045097351074,
      5.044602870941162,
      5.046779155731201,
      5.045083522796631,
      5.02834415435791,
      5.050272464752197,
      5.049984931945801,
      5.049243450164795,
      5.02685546875,
      5.029076099395752,
      5.056646347045898,
      5.033532619476318,
      5.021561622619629,
      5.039647579193115,
      5.048433780670166
    ],
    "val_loss": [
      43.36159896850586,
      11.19137191772461,
      10.963500022888184,
      10.049619674682617,
      9.026080131530762,
      7.155215740203857,
      7.852142333984375,
      7.311558723449707,
      6.730527877807617,
      6.749756813049316,
      6.67319917678833,
      6.5426764488220215,
      6.867283821105957,
      6.26581335067749,
      6.326717376708984,
      6.375835418701172,
      6.1095075607299805,
      6.015320777893066,
      6.503567218780518,
      5.911160945892334,
      6.55059289932251,
      5.900305271148682,
      5.852992534637451,
      5.917124271392822,
      6.028161525726318,
      5.621060848236084,
      6.00716495513916,
      5.891108512878418,
      5.541693210601807,
      5.6412248611450195,
      5.639577865600586,
      5.409546852111816,
      5.604944705963135,
      5.646160125732422,
      5.3794331550598145,
      5.2488603591918945,
      5.490427494049072,
      5.376470565795898,
      5.211618423461914,
      5.280130386352539,
      5.063730239868164,
      5.207825183868408,
      5.231965065002441,
      5.180700302124023,
      4.89089822769165,
      4.875727653503418,
      4.847430229187012,
      4.831817150115967,
      4.824811935424805,
      4.8110480308532715,
      4.806398868560791,
      4.8140130043029785,
      4.811748504638672,
      4.798197269439697,
      4.810184478759766,
      4.783013820648193,
      4.773538589477539,
      4.777156829833984,
      4.754663944244385,
      4.757745742797852,
      4.766230583190918,
      4.75282096862793,
      4.749723434448242,
      4.759399890899658,
      4.735130786895752,
      4.7395806312561035,
      4.715156078338623,
      4.730208873748779,
      4.767589092254639,
      4.726729869842529,
      4.671631813049316,
      4.670101165771484,
      4.662167072296143,
      4.66256046295166,
      4.663980007171631,
      4.661327362060547,
      4.66016960144043,
      4.653615951538086,
      4.654327869415283,
      4.6556315422058105,
      4.653906345367432,
      4.651949405670166,
      4.650204181671143,
      4.650204658508301,
      4.649477958679199,
      4.650557994842529,
      4.64805793762207,
      4.646303653717041,
      4.647801876068115,
      4.646019458770752,
      4.646307945251465,
      4.6462860107421875,
      4.646030902862549,
      4.641979217529297,
      4.644926071166992,
      4.643848419189453,
      4.643611431121826,
      4.643459796905518,
      4.6422834396362305,
      4.644191265106201,
      4.642757892608643,
      4.642298698425293
    ],
    "epochs": [
      1,
      2,
      3,
      4,
      5,
      6,
      7,
      8,
      9,
      10,
      11,
      12,
      13,
      14,
      15,
      16,
      17,
      18,
      19,
      20,
      21,
      22,
      23,
      24,
      25,
      26,
      27,
      28,
      29,
      30,
      31,
      32,
      33,
      34,
      35,
      36,
      37,
      38,
      39,
      40,
      41,
      42,
      43,
      44,
      45,
      46,
      47,
      48,
      49,
      50,
      51,
      52,
      53,
      54,
      55,
      56,
      57,
      58,
      59,
      60,
      61,
      62,
      63,
      64,
      65,
      66,
      67,
      68,
      69,
      70,
      71,
      72,
      73,
      74,
      75,
      76,
      77,
      78,
      79,
      80,
      81,
      82,
      83,
      84,
      85,
      86,
      87,
      88,
      89,
      90,
      91,
      92,
      93,
      94,
      95,
      96,
      97,
      98,
      99,
      100,
      101,
      102
    ]
  },
  "model_architecture": {
    "input_shape": 273,
    "output_shape": 6,
    "layers": [
      {
        "type": "Dense",
        "units": 1024,
        "activation": "selu",
        "dropout": 0.4
      },
      {
        "type": "Dense",
        "units": 512,
        "activation": "selu",
        "dropout": 0.4
      },
      {
        "type": "Dense",
        "units": 256,
        "activation": "selu",
        "dropout": 0.3
      },
      {
        "type": "Dense",
        "units": 128,
        "activation": "selu",
        "dropout": 0.2
      },
      {
        "type": "Dense",
        "units": 6,
        "activation": "linear"
      }
    ],
    "regularization": "L2 (5e-4)",
    "batch_normalization": true,
    "residual_connections": true
  },
  "optimizer_config": {
    "optimizer": "AdamW",
    "learning_rate": 0.0001,
    "weight_decay": 0.0001,
    "clipnorm": 1.0
  },
  "callbacks_used": [
    "EarlyStopping",
    "ModelCheckpoint",
    "ReduceLROnPlateau",
    "WarmUpLearningRateScheduler",
    "ConvergenceCallback"
  ],
  "data_preprocessing": {
    "scaler_type": "StandardScaler",
    "train_samples": 24279,