{
  "clustering_metrics": {
    "silhouette_score": 0.16295478663343985,
    "calinski_harabasz_score": 12.123764115608628,
    "davies_bouldin_score": 2.0441164789474606
  },
  "cluster_distribution": {
    "0": 33,
    "1": 39
  },
  "feature_importance": {
    "T_PM_mean": 1.5820059031739597,
    "T_PM_std": 0.1706907045228622,
    "T_PM_min": 0.016927208148510748,
    "T_PM_max": 0.01692720996258186,
    "c_mean": 0.016927205973721576,
    "c_std": 1.5697145903877998,
    "c_min": 0.0034467056704130124,
    "c_max": 0.5577788513390315,
    "d10_mean": 0.000439089306375497,
    "d10_std": 0.011267896356117078,
    "d10_min": 1.643700223963645,
    "d10_max": 0.25398454534226494,
    "d50_mean": 0.0177230172878384,
    "d50_std": 0.01781768377098831,
    "d50_min": 0.0175093396789806,
    "d50_max": 1.5594329721852849,
    "d90_mean": 0.01900861575830132,
    "d90_std": 0.36856696102944575,
    "d90_min": 4.0738093582043324e-06,
    "d90_max": 0.008980881690919948,
    "T_TM_mean": 2.083935203053057,
    "T_TM_std": 0.9593077764464951,
    "T_TM_min": 0.016926977806949652,
    "T_TM_max": 0.01692693862364536,
    "mf_PM_mean": 0.016926937317062886,
    "mf_PM_std": 1.8538230599945338,
    "mf_PM_min": 0.0007409194718128179,
    "mf_PM_max": 0.32087946142156515,
    "mf_TM_mean": 0.021317939905511944,
    "mf_TM_std": 0.0017366013905856872,
    "mf_TM_min": 0.011729197131970558,
    "mf_TM_max": 0.03157535034480828,
    "Q_g_mean": 0.016927464942653344,
    "Q_g_std": 0.01692747838748833,
    "Q_g_min": 0.016927443779670752,
    "Q_g_max": 0.012646224050124588,
    "w_crystal_mean": 0.08469842869975687,
    "w_crystal_std": 0.004556796529181529,
    "w_crystal_min": 0.0008775761604035077,
    "w_crystal_max": 0.011013897539741435
  },
  "top_features": [
    "mf_PM_max",
    "d90_std",
    "c_max",
    "T_TM_std",
    "d50_max",
    "c_std",
    "T_PM_mean",
    "d10_min",
    "mf_PM_std",
    "T_TM_mean"
  ],
  "cluster_centers": [
    [
      -0.850943583796109,
      -0.41510616561442076,
      0.14025652264460314,
      0.14025653003507513,
      0.14025651378457624,
      -0.8496562099127116,
      -0.06371332602631871,
      -0.650509215818696,
      -0.022774897845274415,
      0.11475289352477924,
      0.8571967915475824,
      0.48925231252049606,
      0.1434595174617427,
      0.1438354581141982,
      0.14260705636869497,
      0.8485683114038185,
      -0.14847784361108246,
      0.5641576853234054,
      -0.0021941928710844383,
      -0.10256362275125115,
      -0.8936445618800929,
      -0.7606817290529491,
      0.14025558423654821,
      0.1402554246036888,
      0.14025541928066595,
      -0.876185278924696,
      0.029580125261904105,
      -0.5358147933863603,
      0.15706067880366611,
      0.04526355231143362,
      0.1170515946478008,
      -0.19019493381325464,
      0.14025756881217483,
      0.14025762358558708,
      0.14025748259546827,
      0.12148618540031382,
      -0.30377952927697277,
      -0.07321800711105303,
      0.032190465901854426,
      -0.11346640282170635
    ],
    [
      0.7200291862891306,
      0.3512436785968089,
      -0.118678596083895,
      -0.11867860233737128,
      -0.11867858858694902,
      0.7189398699260994,
      0.053911275868427845,
      0.550430874923518,
      0.019271067407541018,
      -0.09709860221327885,
      -0.7253203620787231,
      -0.413982725978881,
      -0.12138882246762848,
      -0.12170692609662909,
      -0.12066750923504951,
      -0.7180193404186176,
      0.12563509844015286,
      -0.4773641952736458,
      0.0018566247370682951,
      0.08678460386644399,
      0.7561607831291948,
      0.6436537707371127,
      -0.11867780204631005,
      -0.11867766697235198,
      -0.11867766246825581,
      0.7413875437054984,
      -0.025029336760074683,
      0.453381748249998,
      -0.1328974974492552,
      -0.03829992887890464,
      -0.09904365700989487,
      0.16093417476506866,
      -0.11867948130260934,
      -0.11867952764934274,
      -0.11867940835001159,
      -0.10279600303103911,
      0.2570442170805176,
      0.06195369832473449,
      -0.027238086532346974,
      0.096010033156832
    ]
  ],
  "n_clusters": 2,
  "total_files": 72
}