{
  "cluster_id": 0,
  "training_summary": {
    "total_training_samples": 25845,
    "total_validation_samples": 6462,
    "input_dimension": 210,
    "output_dimension": 6,
    "batch_size": 32,
    "max_epochs": 300,
    "actual_epochs_trained": 78,
    "epochs_saved": 222,
    "early_stopping_patience": 8,
    "min_improvement_threshold": 1e-06
  },
  "performance_metrics": {
    "best_validation_loss": 0.22230756282806396,
    "best_epoch": "70",
    "final_training_loss": 1.2551974058151245,
    "final_validation_loss": 0.2618473172187805,
    "loss_improvement": 23.20218050479889,
    "convergence_rate": 10436.97308793035
  },
  "training_history": {
    "train_loss": [
      442.86944580078125,
      135.10520935058594,
      48.42551803588867,
      30.34625244140625,
      22.198270797729492,
      17.264537811279297,
      14.313399314880371,
      12.48558235168457,
      11.262124061584473,
      10.138669967651367,
      9.419089317321777,
      8.63364315032959,
      8.002907752990723,
      7.430828094482422,
      6.956137180328369,
      6.398925304412842,
      6.119714260101318,
      5.6698994636535645,
      5.407914161682129,
      5.09211540222168,
      4.756838798522949,
      4.552448272705078,
      4.3270344734191895,
      4.127298831939697,
      3.89693284034729,
      3.8047237396240234,
      3.633486032485962,
      3.4378840923309326,
      3.2398037910461426,
      3.118375778198242,
      2.921363353729248,
      2.82692551612854,
      2.6794040203094482,
      2.5377964973449707,
      2.403510808944702,
      2.3766682147979736,
      2.23193359375,
      2.2005226612091064,
      2.14353346824646,
      2.076526641845703,
      1.9842129945755005,
      1.9691262245178223,
      1.8829121589660645,
      1.8502837419509888,
      1.7900714874267578,
      1.7582440376281738,
      1.7127511501312256,
      1.6930972337722778,
      1.6330885887145996,
      1.6305935382843018,
      1.5856616497039795,
      1.5258368253707886,
      1.5246999263763428,
      1.4539159536361694,
      1.4110735654830933,
      1.3553422689437866,
      1.362050175666809,
      1.3403581380844116,
      1.3676620721817017,
      1.355635643005371,
      1.424491286277771,
      1.462110996246338,
      1.5319582223892212,
      1.5514334440231323,
      1.32889723777771,
      1.2954055070877075,
      1.2933422327041626,
      1.3011181354522705,
      1.2894675731658936,
      1.319304347038269,
      1.2927000522613525,
      1.3023289442062378,
      1.3300291299819946,
      1.292721152305603,
      1.2795261144638062,
      1.2812466621398926,
      1.2781645059585571,
      1.2551974058151245
    ],
    "val_loss": [
      23.424488067626953,
      5.117368221282959,
      5.369555950164795,
      5.178009033203125,
      4.282465934753418,
      2.9224250316619873,
      3.2763426303863525,
      2.188109874725342,
      2.1128315925598145,
      1.979280710220337,
      2.3829784393310547,
      2.2148613929748535,
      1.9167768955230713,
      1.8640810251235962,
      1.7418949604034424,
      1.7012051343917847,
      1.7024284601211548,
      1.68960702419281,
      1.6620773077011108,
      1.5909819602966309,
      1.5467435121536255,
      1.3950167894363403,
      1.450120210647583,
      1.3476877212524414,
      1.295580267906189,
      1.2079660892486572,
      1.105729579925537,
      1.0784708261489868,
      1.0181982517242432,
      1.0311630964279175,
      0.9459484219551086,
      0.8738716840744019,
      0.8934556245803833,
      0.8240130543708801,
      0.7815471887588501,
      0.7361904382705688,
      0.7299829125404358,
      0.7539290189743042,
      0.6660398244857788,
      0.6201636791229248,
      0.5649177432060242,
      0.5348911881446838,
      0.5144545435905457,
      0.47952917218208313,
      0.4518727958202362,
      0.4362654387950897,
      0.42271965742111206,
      0.40149274468421936,
      0.40714162588119507,
      0.3900843560695648,
      0.38563236594200134,
      0.3573192358016968,
      0.35228100419044495,
      0.3384900689125061,
      0.3114059269428253,
      0.3085556924343109,
      0.2951076924800873,
      0.27675458788871765,
      0.26338768005371094,
      0.2506166994571686,
      0.23959466814994812,
      0.3107985258102417,
      0.27266401052474976,
      0.27021750807762146,
      0.24322086572647095,
      0.24131351709365845,
      0.235700324177742,
      0.2550097703933716,
      0.25080758333206177,
      0.22230756282806396,
      0.2532576024532318,
      0.23757176101207733,
      0.23439200222492218,
      0.25684720277786255,
      0.2647136449813843,
      0.262731671333313,
      0.26237159967422485,
      0.2618473172187805
    ],
    "epochs": [
      1,
      2,
      3,
      4,
      5,
      6,
      7,
      8,
      9,
      10,
      11,
      12,
      13,
      14,
      15,
      16,
      17,
      18,
      19,
      20,
      21,
      22,
      23,
      24,
      25,
      26,
      27,
      28,
      29,
      30,
      31,
      32,
      33,
      34,
      35,
      36,
      37,
      38,
      39,
      40,
      41,
      42,
      43,
      44,
      45,
      46,
      47,
      48,
      49,
      50,
      51,
      52,
      53,
      54,
      55,
      56,
      57,
      58,
      59,
      60,
      61,
      62,
      63,
      64,
      65,
      66,
      67,
      68,
      69,
      70,
      71,
      72,
      73,
      74,
      75,
      76,
      77,
      78
    ]
  },
  "model_architecture": {
    "input_shape": 210,
    "output_shape": 6,
    "layers": [
      {
        "type": "Dense",
        "units": 1024,
        "activation": "selu",
        "dropout": 0.4
      },
      {
        "type": "Dense",
        "units": 512,
        "activation": "selu",
        "dropout": 0.4
      },
      {
        "type": "Dense",
        "units": 256,
        "activation": "selu",
        "dropout": 0.3
      },
      {
        "type": "Dense",
        "units": 128,
        "activation": "selu",
        "dropout": 0.2
      },
      {
        "type": "Dense",
        "units": 6,
        "activation": "linear"
      }
    ],
    "regularization": "L2 (5e-4)",
    "batch_normalization": true,
    "residual_connections": true
  },
  "optimizer_config": {
    "optimizer": "AdamW",
    "learning_rate": 0.0001,
    "weight_decay": 0.0001,
    "clipnorm": 1.0
  },
  "callbacks_used": [
    "EarlyStopping",
    "ModelCheckpoint",
    "ReduceLROnPlateau",
    "WarmUpLearningRateScheduler",
    "ConvergenceCallback"
  ],
  "data_preprocessing": {
    "scaler_type": "StandardScaler",
    "train_samples": 25845,
    "val_samples": 6462,
    "input_features": 210,
    "output_features": 6
  },
  "convergence_analysis": {
    "epochs_to_best": "70",
    "epochs_after_best": "8",
    "improvement_rate": 0.331459721497127,
    "plateau_detected": "False",
    "early_stopping_triggered": true
  }
}