{
  "cluster_id": 1,
  "training_summary": {
    "total_training_samples": 30544,
    "total_validation_samples": 7637,
    "input_dimension": 210,
    "output_dimension": 6,
    "batch_size": 32,
    "max_epochs": 300,
    "actual_epochs_trained": 107,
    "epochs_saved": 193,
    "early_stopping_patience": 8,
    "min_improvement_threshold": 1e-06
  },
  "performance_metrics": {
    "best_validation_loss": 7.942417144775391,
    "best_epoch": "99",
    "final_training_loss": 7.662557125091553,
    "final_validation_loss": 7.945833683013916,
    "loss_improvement": 43.500091552734375,
    "convergence_rate": 547.6933628618236
  },
  "training_history": {
    "train_loss": [
      490.4324035644531,
      130.52139282226562,
      50.8606071472168,
      34.684364318847656,
      27.484771728515625,
      22.419002532958984,
      19.82710838317871,
      18.030981063842773,
      16.893762588500977,
      16.024707794189453,
      15.196555137634277,
      14.583398818969727,
      13.901225090026855,
      13.47826862335205,
      12.957119941711426,
      12.581344604492188,
      12.247389793395996,
      11.89818000793457,
      11.647149085998535,
      11.313776969909668,
      11.048761367797852,
      10.850876808166504,
      10.68394660949707,
      10.465734481811523,
      10.240446090698242,
      10.070748329162598,
      9.956320762634277,
      9.770472526550293,
      9.689367294311523,
      9.562973022460938,
      9.422842979431152,
      9.307578086853027,
      9.204964637756348,
      9.11351203918457,
      9.015083312988281,
      8.954571723937988,
      8.825512886047363,
      8.788838386535645,
      8.719603538513184,
      8.643738746643066,
      8.588830947875977,
      8.511631965637207,
      8.488419532775879,
      8.427780151367188,
      8.389885902404785,
      8.299856185913086,
      8.286355018615723,
      8.250731468200684,
      8.207845687866211,
      8.18305778503418,
      8.12368106842041,
      7.9496541023254395,
      7.929236888885498,
      7.880693435668945,
      7.861097812652588,
      7.857833385467529,
      7.83634090423584,
      7.844419002532959,
      7.817745685577393,
      7.822958946228027,
      7.8218560218811035,
      7.771859645843506,
      7.779969215393066,
      7.736799240112305,
      7.729038238525391,
      7.717722415924072,
      7.707134246826172,
      7.733361721038818,
      7.707749366760254,
      7.691115856170654,
      7.706278324127197,
      7.688395023345947,
      7.693962097167969,
      7.6994428634643555,
      7.721223831176758,
      7.675048828125,
      7.6943359375,
      7.691934585571289,
      7.684499263763428,
      7.692630290985107,
      7.677053928375244,
      7.69500207901001,
      7.678167343139648,
      7.685444355010986,
      7.696234226226807,
      7.692117691040039,
      7.687859058380127,
      7.693105220794678,
      7.7001051902771,
      7.678897380828857,
      7.700715065002441,
      7.676424980163574,
      7.677707672119141,
      7.665017127990723,
      7.693386077880859,
      7.688847064971924,
      7.6790666580200195,
      7.661835193634033,
      7.6641740798950195,
      7.669676780700684,
      7.662299156188965,
      7.668734550476074,
      7.667470932006836,
      7.657003402709961,
      7.6804118156433105,
      7.6606950759887695,
      7.662557125091553
    ],
    "val_loss": [
      51.442508697509766,
      14.798052787780762,
      12.536980628967285,
      13.051186561584473,
      11.662206649780273,
      10.580082893371582,
      9.981664657592773,
      9.991074562072754,
      10.35529613494873,
      9.934064865112305,
      9.877246856689453,
      9.4008207321167,
      9.45520305633545,
      9.568965911865234,
      9.283148765563965,
      9.579649925231934,
      9.16889476776123,
      9.102588653564453,
      9.194786071777344,
      9.000943183898926,
      8.949488639831543,
      8.903083801269531,
      8.92546558380127,
      8.930027961730957,
      8.844425201416016,
      8.723417282104492,
      8.72069263458252,
      8.691535949707031,
      8.615933418273926,
      8.550399780273438,
      8.695455551147461,
      8.534625053405762,
      8.450196266174316,
      8.536640167236328,
      8.431974411010742,
      8.356796264648438,
      8.364583969116211,
      8.303176879882812,
      8.307173728942871,
      8.286140441894531,
      8.243824005126953,
      8.216256141662598,
      8.22730541229248,
      8.184209823608398,
      8.128911018371582,
      8.124809265136719,
      8.18687629699707,
      8.061203956604004,
      8.105663299560547,
      8.118145942687988,
      8.06445026397705,
      8.01687240600586,
      8.000350952148438,
      7.992469310760498,
      8.002449989318848,
      7.9877028465271,
      8.000638961791992,
      7.98305082321167,
      7.9912261962890625,
      7.981759071350098,
      7.987415313720703,
      7.988643169403076,
      7.982445240020752,
      7.95193338394165,
      7.948441505432129,
      7.958651542663574,
      7.953996658325195,
      7.951589584350586,
      7.948000907897949,
      7.948197841644287,
      7.949995040893555,
      7.9473981857299805,
      7.949735164642334,
      7.946685791015625,
      7.949170112609863,
      7.948535919189453,
      7.948511123657227,
      7.947586536407471,
      7.947890758514404,
      7.949114799499512,
      7.9469733238220215,
      7.946420669555664,
      7.946199893951416,
      7.947003364562988,
      7.94637393951416,
      7.948325157165527,
      7.9477715492248535,
      7.946289539337158,
      7.9452643394470215,
      7.9471917152404785,
      7.9443182945251465,
      7.9458184242248535,
      7.945868968963623,
      7.9480695724487305,
      7.9437031745910645,
      7.94492244720459,
      7.9454545974731445,
      7.945910930633545,
      7.942417144775391,
      7.945295810699463,
      7.945333957672119,
      7.945448398590088,
      7.94582462310791,
      7.947749137878418,
      7.9454545974731445,
      7.94517707824707,
      7.945833683013916
    ],
    "epochs": [
      1,
      2,
      3,
      4,
      5,
      6,
      7,
      8,
      9,
      10,
      11,
      12,
      13,
      14,
      15,
      16,
      17,
      18,
      19,
      20,
      21,
      22,
      23,
      24,
      25,
      26,
      27,
      28,
      29,
      30,
      31,
      32,
      33,
      34,
      35,
      36,
      37,
      38,
      39,
      40,
      41,
      42,
      43,
      44,
      45,
      46,
      47,
      48,
      49,
      50,
      51,
      52,
      53,
      54,
      55,
      56,
      57,
      58,
      59,
      60,
      61,
      62,
      63,
      64,
      65,
      66,
      67,
      68,
      69,
      70,
      71,
      72,
      73,
      74,
      75,
      76,
      77,
      78,
      79,
      80,
      81,
      82,
      83,
      84,
      85,
      86,
      87,
      88,
      89,
      90,
      91,
      92,
      93,
      94,
      95,
      96,
      97,
      98,
      99,
      100,
      101,
      102,
      103,
      104,
      105,
      106,
      107
    ]
  },
  "model_architecture": {
    "input_shape": 210,
    "output_shape": 6,
    "layers": [
      {
        "type": "Dense",
        "units": 1024,
        "activation": "selu",
        "dropout": 0.4
      },
      {
        "type": "Dense",
        "units": 512,
        "activation": "selu",
        "dropout": 0.4
      },
      {
        "type": "Dense",
        "units": 256,
        "activation": "selu",
        "dropout": 0.3
      },
      {
        "type": "Dense",
        "units": 128,
        "activation": "selu",
        "dropout": 0.2
      },
      {
        "type": "Dense",
        "units": 6,
        "activation": "linear"
      }
    ],
    "regularization": "L2 (5e-4)",
    "batch_normalization": true,
    "residual_connections": true
  },
  "optimizer_config": {
    "optimizer": "AdamW",