{
  "cluster_id": 0,
  "training_summary": {
    "total_training_samples": 30688,
    "total_validation_samples": 7672,
    "input_dimension": 410,
    "output_dimension": 6,
    "batch_size": 32,
    "max_epochs": 300,
    "actual_epochs_trained": 96,
    "epochs_saved": 204,
    "early_stopping_patience": 8,
    "min_improvement_threshold": 1e-06
  },
  "performance_metrics": {
    "best_validation_loss": 7.855687141418457,
    "best_epoch": "88",
    "final_training_loss": 9.313368797302246,
    "final_validation_loss": 7.856538772583008,
    "loss_improvement": 59.47548198699951,
    "convergence_rate": 757.1009501310201
  },
  "training_history": {
    "train_loss": [
      616.8627319335938,
      166.07264709472656,
      64.9865493774414,
      43.80266571044922,
      33.2794303894043,
      27.034273147583008,
      23.549081802368164,
      21.2243595123291,
      19.667221069335938,
      18.3868350982666,
      17.435819625854492,
      16.439367294311523,
      15.558295249938965,
      14.956536293029785,
      14.432427406311035,
      13.865047454833984,
      13.329076766967773,
      12.83603572845459,
      12.408085823059082,
      12.143611907958984,
      11.736433029174805,
      11.016497611999512,
      10.903910636901855,
      10.833074569702148,
      10.738842964172363,
      10.733952522277832,
      10.605183601379395,
      10.636279106140137,
      10.54089641571045,
      10.434074401855469,
      10.40190315246582,
      10.343545913696289,
      10.319985389709473,
      10.241898536682129,
      10.241878509521484,
      10.147989273071289,
      10.138916969299316,
      10.064979553222656,
      9.996881484985352,
      9.910379409790039,
      9.913653373718262,
      9.869634628295898,
      9.875126838684082,
      9.830400466918945,
      9.758100509643555,
      9.738690376281738,
      9.63840103149414,
      9.626252174377441,
      9.591779708862305,
      9.525727272033691,
      9.560973167419434,
      9.44366455078125,
      9.52139663696289,
      9.456872940063477,
      9.439784049987793,
      9.491384506225586,
      9.44940185546875,
      9.433558464050293,
      9.452545166015625,
      9.441750526428223,
      9.446800231933594,
      9.4629545211792,
      9.42818546295166,
      9.45851993560791,
      9.418996810913086,
      9.406216621398926,
      9.383033752441406,
      9.441702842712402,
      9.40210247039795,
      9.450969696044922,
      9.391156196594238,
      9.412449836730957,
      9.317120552062988,
      9.399494171142578,
      9.360640525817871,
      9.357484817504883,
      9.371747970581055,
      9.38273811340332,
      9.402896881103516,
      9.34389591217041,
      9.360042572021484,
      9.366558074951172,
      9.359567642211914,
      9.38355541229248,
      9.394170761108398,
      9.346817016601562,
      9.364498138427734,
      9.391998291015625,
      9.343281745910645,
      9.32420825958252,
      9.31789493560791,
      9.31529712677002,
      9.313937187194824,
      9.328991889953613,
      9.34709644317627,
      9.313368797302246
    ],
    "val_loss": [
      67.33116912841797,
      17.273853302001953,
      22.096065521240234,
      15.623662948608398,
      11.375179290771484,
      12.582810401916504,
      12.332405090332031,
      10.066533088684082,
      10.729471206665039,
      9.469035148620605,
      9.283021926879883,
      9.376341819763184,
      10.029083251953125,
      8.94408893585205,
      8.952936172485352,
      9.085319519042969,
      8.765610694885254,
      8.561958312988281,
      8.755599021911621,
      8.70185375213623,
      8.581157684326172,
      8.247442245483398,
      8.2710542678833,
      8.256441116333008,
      8.23321533203125,
      8.211703300476074,
      8.24991512298584,
      8.20903491973877,
      8.171814918518066,
      8.217305183410645,
      8.139360427856445,
      8.157638549804688,
      8.148417472839355,
      8.106047630310059,
      8.138915061950684,
      8.083734512329102,
      8.117376327514648,
      8.04928207397461,
      8.070411682128906,
      8.042829513549805,
      8.019654273986816,
      8.0557222366333,
      8.024060249328613,
      7.98552131652832,
      7.965922832489014,
      7.986732482910156,
      7.983150959014893,
      7.987926959991455,
      7.915109634399414,
      7.91847038269043,
      7.911848545074463,
      7.917333126068115,
      7.901474952697754,
      7.90042781829834,
      7.897429943084717,
      7.892405033111572,
      7.894268989562988,
      7.9020915031433105,
      7.900496959686279,
      7.879975318908691,
      7.883675575256348,
      7.881349563598633,
      7.875969886779785,
      7.881317138671875,
      7.876005172729492,
      7.87985372543335,
      7.881625652313232,
      7.880523204803467,
      7.883455276489258,
      7.876729965209961,
      7.873649597167969,
      7.877024173736572,
      7.874988079071045,
      7.869030475616455,
      7.86689567565918,
      7.86542272567749,
      7.864875793457031,
      7.869792461395264,
      7.868472099304199,
      7.862884044647217,
      7.865527153015137,
      7.862638473510742,
      7.866782188415527,
      7.863368511199951,
      7.866724491119385,
      7.867259979248047,
      7.865837574005127,
      7.855687141418457,
      7.863188743591309,
      7.858701229095459,
      7.8573079109191895,
      7.856759071350098,
      7.856480598449707,
      7.8577728271484375,
      7.864907264709473,
      7.856538772583008
    ],
    "epochs": [
      1,
      2,
      3,
      4,
      5,
      6,
      7,
      8,
      9,
      10,
      11,
      12,
      13,
      14,
      15,
      16,
      17,
      18,
      19,
      20,
      21,
      22,
      23,
      24,
      25,
      26,
      27,
      28,
      29,
      30,
      31,
      32,
      33,
      34,
      35,
      36,
      37,
      38,
      39,
      40,
      41,
      42,
      43,
      44,
      45,
      46,
      47,
      48,
      49,
      50,
      51,
      52,
      53,
      54,
      55,
      56,
      57,
      58,
      59,
      60,
      61,
      62,
      63,
      64,
      65,
      66,
      67,
      68,
      69,
      70,
      71,
      72,
      73,
      74,
      75,
      76,
      77,
      78,
      79,
      80,
      81,
      82,
      83,
      84,
      85,
      86,
      87,
      88,
      89,
      90,
      91,
      92,
      93,
      94,
      95,
      96
    ]
  },
  "model_architecture": {
    "input_shape": 410,
    "output_shape": 6,
    "layers": [
      {
        "type": "Dense",
        "units": 1024,
        "activation": "selu",
        "dropout": 0.4
      },
      {
        "type": "Dense",
        "units": 512,
        "activation": "selu",
        "dropout": 0.4
      },
      {
        "type": "Dense",
        "units": 256,
        "activation": "selu",
        "dropout": 0.3
      },
      {
        "type": "Dense",
        "units": 128,
        "activation": "selu",
        "dropout": 0.2
      },
      {
        "type": "Dense",
        "units": 6,
        "activation": "linear"
      }
    ],
    "regularization": "L2 (5e-4)",
    "batch_normalization": true,
    "residual_connections": true
  },
  "optimizer_config": {
    "optimizer": "AdamW",
    "learning_rate": 0.0001,
    "weight_decay": 0.0001,
    "clipnorm": 1.0
  },
  "callbacks_used": [
    "EarlyStopping",
    "ModelCheckpoint",
    "ReduceLROnPlateau",
    "WarmUpLearningRateScheduler",
    "ConvergenceCallback"
  ],
  "data_preprocessing": {
    "scaler_type": "StandardScaler",
    "train_samples": 30688,
    "val_samples": 7672,
    "input_features": 410,
    "output_features": 6
  },
  "convergence_analysis": {
    "epochs_to_best": "88",
    "epochs_after_best": "8",
    "improvement_rate": 0.6758577498522672,
    "plateau_detected": "False",
    "early_stopping_triggered": true
  }
}