{
  "cluster_id": 1,
  "training_summary": {
    "total_training_samples": 25317,
    "total_validation_samples": 6330,
    "input_dimension": 410,
    "output_dimension": 6,
    "batch_size": 32,
    "max_epochs": 300,
    "actual_epochs_trained": 51,
    "epochs_saved": 249,
    "early_stopping_patience": 8,
    "min_improvement_threshold": 1e-06
  },
  "performance_metrics": {
    "best_validation_loss": 13.318867683410645,
    "best_epoch": "43",
    "final_training_loss": 18.32790184020996,
    "final_validation_loss": 13.323105812072754,
    "loss_improvement": 78.4507246017456,
    "convergence_rate": 589.0194757281066
  },
  "training_history": {
    "train_loss": [
      700.5620727539062,
      198.981201171875,
      76.37616729736328,
      52.501914978027344,
      40.67622756958008,
      34.0128288269043,
      29.827659606933594,
      27.40170669555664,
      25.285585403442383,
      23.977764129638672,
      23.103168487548828,
      22.294986724853516,
      20.255252838134766,
      20.04966163635254,
      19.83810043334961,
      19.723142623901367,
      19.441102981567383,
      19.362957000732422,
      19.23941421508789,
      19.039194107055664,
      18.63269805908203,
      18.59163475036621,
      18.693714141845703,
      18.504072189331055,
      18.545719146728516,
      18.52488899230957,
      18.585050582885742,
      18.619298934936523,
      18.546842575073242,
      18.53266143798828,
      18.532371520996094,
      18.529294967651367,
      18.40181541442871,
      18.396984100341797,
      18.474674224853516,
      18.368396759033203,
      18.375812530517578,
      18.399539947509766,
      18.42384147644043,
      18.26371955871582,
      18.30963706970215,
      18.476465225219727,
      18.253660202026367,
      18.42728614807129,
      18.232412338256836,
      18.349855422973633,
      18.239789962768555,
      18.37236785888672,
      18.346914291381836,
      18.256938934326172,
      18.32790184020996
    ],
    "val_loss": [
      91.76959228515625,
      25.416526794433594,
      21.725746154785156,
      18.747398376464844,
      16.924646377563477,
      17.18265724182129,
      17.697877883911133,
      15.216300010681152,
      15.085391998291016,
      16.08926773071289,
      15.562460899353027,
      15.642107009887695,
      13.918292999267578,
      13.663294792175293,
      13.692530632019043,
      13.725424766540527,
      13.523659706115723,
      13.529647827148438,
      13.748198509216309,
      13.615979194641113,
      13.381000518798828,
      13.39706039428711,
      13.431744575500488,
      13.408428192138672,
      13.349360466003418,
      13.346076011657715,
      13.359038352966309,
      13.342582702636719,
      13.344568252563477,
      13.341096878051758,
      13.343579292297363,
      13.336662292480469,
      13.357218742370605,
      13.332672119140625,
      13.342554092407227,
      13.349326133728027,
      13.342927932739258,
      13.33503246307373,
      13.32248306274414,
      13.321163177490234,
      13.328161239624023,
      13.322965621948242,
      13.318867683410645,
      13.337900161743164,
      13.328230857849121,
      13.349776268005371,
      13.324634552001953,
      13.331342697143555,
      13.32646369934082,
      13.332990646362305,
      13.323105812072754
    ],
    "epochs": [
      1,
      2,
      3,
      4,
      5,
      6,
      7,
      8,
      9,
      10,
      11,
      12,
      13,
      14,
      15,
      16,
      17,
      18,
      19,
      20,
      21,
      22,
      23,
      24,
      25,
      26,
      27,
      28,
      29,
      30,
      31,
      32,
      33,
      34,
      35,
      36,
      37,
      38,
      39,
      40,
      41,
      42,
      43,
      44,
      45,
      46,
      47,
      48,
      49,
      50,
      51
    ]
  },
  "model_architecture": {
    "input_shape": 410,
    "output_shape": 6,
    "layers": [
      {
        "type": "Dense",
        "units": 1024,
        "activation": "selu",
        "dropout": 0.4
      },
      {
        "type": "Dense",
        "units": 512,
        "activation": "selu",
        "dropout": 0.4
      },
      {
        "type": "Dense",
        "units": 256,
        "activation": "selu",
        "dropout": 0.3
      },
      {
        "type": "Dense",
        "units": 128,
        "activation": "selu",
        "dropout": 0.2
      },
      {
        "type": "Dense",
        "units": 6,
        "activation": "linear"
      }
    ],
    "regularization": "L2 (5e-4)",
    "batch_normalization": true,
    "residual_connections": true
  },
  "optimizer_config": {
    "optimizer": "AdamW",
    "learning_rate": 0.0001,
    "weight_decay": 0.0001,
    "clipnorm": 1.0
  },
  "callbacks_used": [
    "EarlyStopping",
    "ModelCheckpoint",
    "ReduceLROnPlateau",
    "WarmUpLearningRateScheduler",
    "ConvergenceCallback"
  ],
  "data_preprocessing": {
    "scaler_type": "StandardScaler",
    "train_samples": 25317,
    "val_samples": 6330,
    "input_features": 410,
    "output_features": 6
  },
  "convergence_analysis": {
    "epochs_to_best": "43",
    "epochs_after_best": "8",
    "improvement_rate": 1.824435455854549,
    "plateau_detected": "False",
    "early_stopping_triggered": true
  }
}