{
  "cluster_id": 0,
  "training_summary": {
    "total_training_samples": 32894,
    "total_validation_samples": 8224,
    "input_dimension": 273,
    "output_dimension": 6,
    "batch_size": 32,
    "max_epochs": 300,
    "actual_epochs_trained": 46,
    "epochs_saved": 254,
    "early_stopping_patience": 8,
    "min_improvement_threshold": 1e-06
  },
  "performance_metrics": {
    "best_validation_loss": 8.848154067993164,
    "best_epoch": "38",
    "final_training_loss": 10.706772804260254,
    "final_validation_loss": 8.859148025512695,
    "loss_improvement": 40.159101486206055,
    "convergence_rate": 453.8698261536316
  },
  "training_history": {
    "train_loss": [
      446.6896057128906,
      118.46727752685547,
      48.001773834228516,
      33.65321350097656,
      26.234172821044922,
      21.836429595947266,
      19.372894287109375,
      17.71660804748535,
      16.54184341430664,
      15.647842407226562,
      14.867791175842285,
      14.296341896057129,
      13.666950225830078,
      13.158370971679688,
      12.752893447875977,
      11.974457740783691,
      11.797222137451172,
      11.692317962646484,
      11.582585334777832,
      11.559257507324219,
      11.479317665100098,
      11.413373947143555,
      11.379522323608398,
      11.275654792785645,
      11.207757949829102,
      11.140012741088867,
      11.04015827178955,
      11.029105186462402,
      10.895768165588379,
      10.859216690063477,
      10.85480785369873,
      10.8375244140625,
      10.791409492492676,
      10.809714317321777,
      10.749287605285645,
      10.767035484313965,
      10.81849479675293,
      10.78345775604248,
      10.745292663574219,
      10.770511627197266,
      10.705950736999512,
      10.782821655273438,
      10.737568855285645,
      10.73037338256836,
      10.705438613891602,
      10.706772804260254
    ],
    "val_loss": [
      49.00725555419922,
      14.00629997253418,
      12.590927124023438,
      11.696213722229004,
      10.588674545288086,
      10.817696571350098,
      10.951512336730957,
      10.55301570892334,
      9.835711479187012,
      9.848362922668457,
      9.808557510375977,
      9.466194152832031,
      9.500361442565918,
      9.734821319580078,
      9.47872257232666,
      9.094266891479492,
      9.02177906036377,
      9.039589881896973,
      9.018253326416016,
      9.029539108276367,
      9.025548934936523,
      8.991978645324707,
      9.011678695678711,
      8.99947452545166,
      8.931129455566406,
      8.971803665161133,
      8.952171325683594,
      8.935620307922363,
      8.888916969299316,
      8.868590354919434,
      8.862759590148926,
      8.868408203125,
      8.865057945251465,
      8.86838150024414,
      8.866315841674805,
      8.86622428894043,
      8.856874465942383,
      8.848154067993164,
      8.852254867553711,
      8.858601570129395,
      8.863713264465332,
      8.857975006103516,
      8.853446960449219,
      8.855929374694824,
      8.861572265625,
      8.859148025512695
    ],
    "epochs": [
      1,
      2,
      3,
      4,
      5,
      6,
      7,
      8,
      9,
      10,
      11,
      12,
      13,
      14,
      15,
      16,
      17,
      18,
      19,
      20,
      21,
      22,
      23,
      24,
      25,
      26,
      27,
      28,
      29,
      30,
      31,
      32,
      33,
      34,
      35,
      36,
      37,
      38,
      39,
      40,
      41,
      42,
      43,
      44,
      45,
      46
    ]
  },
  "model_architecture": {
    "input_shape": 273,
    "output_shape": 6,
    "layers": [
      {
        "type": "Dense",
        "units": 1024,
        "activation": "selu",
        "dropout": 0.4
      },
      {
        "type": "Dense",
        "units": 512,
        "activation": "selu",
        "dropout": 0.4
      },
      {
        "type": "Dense",
        "units": 256,
        "activation": "selu",
        "dropout": 0.3
      },
      {
        "type": "Dense",
        "units": 128,
        "activation": "selu",
        "dropout": 0.2
      },
      {
        "type": "Dense",
        "units": 6,
        "activation": "linear"
      }
    ],
    "regularization": "L2 (5e-4)",
    "batch_normalization": true,
    "residual_connections": true
  },
  "optimizer_config": {
    "optimizer": "AdamW",
    "learning_rate": 0.0001,
    "weight_decay": 0.0001,
    "clipnorm": 1.0
  },
  "callbacks_used": [
    "EarlyStopping",
    "ModelCheckpoint",
    "ReduceLROnPlateau",
    "WarmUpLearningRateScheduler",
    "ConvergenceCallback"
  ],
  "data_preprocessing": {
    "scaler_type": "StandardScaler",
    "train_samples": 32894,
    "val_samples": 8224,
    "input_features": 273,
    "output_features": 6
  },
  "convergence_analysis": {
    "epochs_to_best": "38",
    "epochs_after_best": "8",
    "improvement_rate": 1.0568184601633173,
    "plateau_detected": "False",
    "early_stopping_triggered": true
  }
}